Vivado Simulator 2018.3
Copyright 1986-1999, 2001-2018 Xilinx, Inc. All Rights Reserved.
Running: C:/Xilinx/Vivado/2018.3/bin/unwrapped/win64.o/xelab.exe -wto d3c6c427a8d54eb0b1398baf4984ab8a --incr --debug typical --relax --mt 2 -L xil_defaultlib -L secureip --snapshot TB_TOP_PIX_func_impl xil_defaultlib.TB_TOP_PIX -log elaborate.log 
Using 2 slave threads.
Starting static elaboration
Completed static elaboration
Starting simulation data flow analysis
Completed simulation data flow analysis
Time Resolution for simulation is 1ps
Compiling package std.standard
Compiling package std.textio
Compiling package ieee.std_logic_1164
Compiling package ieee.std_logic_arith
Compiling package ieee.numeric_std
Compiling package ieee.std_logic_textio
Compiling package ieee.std_logic_unsigned
Compiling package unisim.vcomponents
Compiling package ieee.vital_timing
Compiling package ieee.vital_primitives
Compiling package unisim.vpkg
Compiling architecture fdce_v of entity unisim.FDCE [fdce_default]
Compiling architecture structure of entity xil_defaultlib.\reg__759\ [\reg__759_default\]
Compiling architecture structure of entity xil_defaultlib.\reg__769\ [\reg__769_default\]
Compiling architecture structure of entity xil_defaultlib.\reg__770\ [\reg__770_default\]
Compiling architecture structure of entity xil_defaultlib.\reg__771\ [\reg__771_default\]
Compiling architecture structure of entity xil_defaultlib.\reg__772\ [\reg__772_default\]
Compiling architecture structure of entity xil_defaultlib.\reg__773\ [\reg__773_default\]
Compiling architecture structure of entity xil_defaultlib.\reg__774\ [\reg__774_default\]
Compiling architecture structure of entity xil_defaultlib.\reg__775\ [\reg__775_default\]
Compiling architecture structure of entity xil_defaultlib.\reg__776\ [\reg__776_default\]
Compiling architecture structure of entity xil_defaultlib.\reg__777\ [\reg__777_default\]
Compiling architecture structure of entity xil_defaultlib.\reg__778\ [\reg__778_default\]
Compiling architecture structure of entity xil_defaultlib.\reg__760\ [\reg__760_default\]
Compiling architecture structure of entity xil_defaultlib.\reg__779\ [\reg__779_default\]
Compiling architecture structure of entity xil_defaultlib.\reg__780\ [\reg__780_default\]
Compiling architecture structure of entity xil_defaultlib.\reg__781\ [\reg__781_default\]
Compiling architecture structure of entity xil_defaultlib.\reg__782\ [\reg__782_default\]
Compiling architecture structure of entity xil_defaultlib.\reg__783\ [\reg__783_default\]
Compiling architecture structure of entity xil_defaultlib.\reg__784\ [\reg__784_default\]
Compiling architecture structure of entity xil_defaultlib.\reg__785\ [\reg__785_default\]
Compiling architecture structure of entity xil_defaultlib.\reg__786\ [\reg__786_default\]
Compiling architecture structure of entity xil_defaultlib.\reg__787\ [\reg__787_default\]
Compiling architecture structure of entity xil_defaultlib.\reg__788\ [\reg__788_default\]
Compiling architecture structure of entity xil_defaultlib.\reg__761\ [\reg__761_default\]
Compiling architecture structure of entity xil_defaultlib.\reg__789\ [\reg__789_default\]
Compiling architecture structure of entity xil_defaultlib.\reg__790\ [\reg__790_default\]
Compiling architecture structure of entity xil_defaultlib.\reg__791\ [\reg__791_default\]
Compiling architecture structure of entity xil_defaultlib.\reg__792\ [\reg__792_default\]
Compiling architecture structure of entity xil_defaultlib.\reg__793\ [\reg__793_default\]
Compiling architecture structure of entity xil_defaultlib.\reg__794\ [\reg__794_default\]
Compiling architecture structure of entity xil_defaultlib.\reg__795\ [\reg__795_default\]
Compiling architecture structure of entity xil_defaultlib.\reg__796\ [\reg__796_default\]
Compiling architecture structure of entity xil_defaultlib.\reg__797\ [\reg__797_default\]
Compiling architecture structure of entity xil_defaultlib.\reg__798\ [\reg__798_default\]
Compiling architecture structure of entity xil_defaultlib.\reg__762\ [\reg__762_default\]
Compiling architecture structure of entity xil_defaultlib.\reg__799\ [\reg__799_default\]
Compiling architecture structure of entity xil_defaultlib.\reg__800\ [\reg__800_default\]
Compiling architecture structure of entity xil_defaultlib.\reg__801\ [\reg__801_default\]
Compiling architecture structure of entity xil_defaultlib.\reg__802\ [\reg__802_default\]
Compiling architecture structure of entity xil_defaultlib.\reg__803\ [\reg__803_default\]
Compiling architecture structure of entity xil_defaultlib.\reg__804\ [\reg__804_default\]
Compiling architecture structure of entity xil_defaultlib.reg [reg_default]
Compiling architecture structure of entity xil_defaultlib.\reg__763\ [\reg__763_default\]
Compiling architecture structure of entity xil_defaultlib.\reg__764\ [\reg__764_default\]
Compiling architecture structure of entity xil_defaultlib.\reg__765\ [\reg__765_default\]
Compiling architecture structure of entity xil_defaultlib.\reg__766\ [\reg__766_default\]
Compiling architecture structure of entity xil_defaultlib.\reg__767\ [\reg__767_default\]
Compiling architecture structure of entity xil_defaultlib.\reg__768\ [\reg__768_default\]
Compiling architecture structure of entity xil_defaultlib.\fifo__parameterized3\ [\fifo__parameterized3_default\]
Compiling architecture fdpe_v of entity unisim.FDPE [fdpe_default]
Compiling architecture lut1_v of entity unisim.LUT1 [\LUT1(init="0001")(0,3)\]
Compiling architecture lut2_v of entity unisim.LUT2 [\LUT2(init="1110")(0,3)\]
Compiling architecture lut2_v of entity unisim.LUT2 [\LUT2(init="0100")(0,3)\]
Compiling architecture lut3_v of entity unisim.LUT3 [\LUT3(init="11111110")(0,7)\]
Compiling architecture lut5_v of entity unisim.LUT5 [\LUT5(init="00000000000000010000...]
Compiling architecture lut5_v of entity unisim.LUT5 [\LUT5(init="11111111111111101111...]
Compiling architecture lut5_v of entity unisim.LUT5 [\LUT5(init="01011111111111111000...]
Compiling architecture lut5_v of entity unisim.LUT5 [\LUT5(init="11111111111111111111...]
Compiling architecture lut5_v of entity unisim.LUT5 [\LUT5(init="10000000000000000000...]
Compiling architecture lut5_v of entity unisim.LUT5 [\LUT5(init="01000110011001100110...]
Compiling architecture lut5_v of entity unisim.LUT5 [\LUT5(init="01011000011110000111...]
Compiling architecture lut5_v of entity unisim.LUT5 [\LUT5(init="01011111100000000111...]
Compiling architecture lut6_v of entity unisim.LUT6 [\LUT6(init="00100000000000000000...]
Compiling architecture lut6_v of entity unisim.LUT6 [\LUT6(init="10111111111111111010...]
Compiling architecture structure of entity xil_defaultlib.state_dec [state_dec_default]
Compiling architecture structure of entity xil_defaultlib.\REG8__123\ [\REG8__123_default\]
Compiling architecture structure of entity xil_defaultlib.\REG8__122\ [\REG8__122_default\]
Compiling architecture structure of entity xil_defaultlib.\REG8__121\ [\REG8__121_default\]
Compiling architecture structure of entity xil_defaultlib.\REG8__120\ [\REG8__120_default\]
Compiling architecture structure of entity xil_defaultlib.\REG8__119\ [\REG8__119_default\]
Compiling architecture structure of entity xil_defaultlib.\REG8__118\ [\REG8__118_default\]
Compiling architecture structure of entity xil_defaultlib.\REG8__117\ [\REG8__117_default\]
Compiling architecture structure of entity xil_defaultlib.\REG8__116\ [\REG8__116_default\]
Compiling architecture structure of entity xil_defaultlib.\REG8__115\ [\REG8__115_default\]
Compiling architecture structure of entity xil_defaultlib.\REG8__114\ [\REG8__114_default\]
Compiling architecture structure of entity xil_defaultlib.\REG8__132\ [\REG8__132_default\]
Compiling architecture structure of entity xil_defaultlib.\REG8__113\ [\REG8__113_default\]
Compiling architecture structure of entity xil_defaultlib.\REG8__112\ [\REG8__112_default\]
Compiling architecture structure of entity xil_defaultlib.\REG8__111\ [\REG8__111_default\]
Compiling architecture structure of entity xil_defaultlib.\REG8__110\ [\REG8__110_default\]
Compiling architecture structure of entity xil_defaultlib.\REG8__109\ [\REG8__109_default\]
Compiling architecture structure of entity xil_defaultlib.\REG8__108\ [\REG8__108_default\]
Compiling architecture structure of entity xil_defaultlib.\REG8__107\ [\REG8__107_default\]
Compiling architecture structure of entity xil_defaultlib.\REG8__106\ [\REG8__106_default\]
Compiling architecture structure of entity xil_defaultlib.\REG8__105\ [\REG8__105_default\]
Compiling architecture structure of entity xil_defaultlib.\REG8__104\ [\REG8__104_default\]
Compiling architecture structure of entity xil_defaultlib.\REG8__131\ [\REG8__131_default\]
Compiling architecture structure of entity xil_defaultlib.\REG8__103\ [\REG8__103_default\]
Compiling architecture structure of entity xil_defaultlib.\REG8__102\ [\REG8__102_default\]
Compiling architecture structure of entity xil_defaultlib.\REG8__101\ [\REG8__101_default\]
Compiling architecture structure of entity xil_defaultlib.\REG8__100\ [\REG8__100_default\]
Compiling architecture structure of entity xil_defaultlib.\REG8__99\ [\REG8__99_default\]
Compiling architecture structure of entity xil_defaultlib.\REG8__98\ [\REG8__98_default\]
Compiling architecture structure of entity xil_defaultlib.\REG8__97\ [\REG8__97_default\]
Compiling architecture structure of entity xil_defaultlib.\REG8__96\ [\REG8__96_default\]
Compiling architecture structure of entity xil_defaultlib.\REG8__95\ [\REG8__95_default\]
Compiling architecture structure of entity xil_defaultlib.\REG8__94\ [\REG8__94_default\]
Compiling architecture structure of entity xil_defaultlib.\REG8__130\ [\REG8__130_default\]
Compiling architecture structure of entity xil_defaultlib.\REG8__93\ [\REG8__93_default\]
Compiling architecture structure of entity xil_defaultlib.\REG8__92\ [\REG8__92_default\]
Compiling architecture structure of entity xil_defaultlib.\REG8__91\ [\REG8__91_default\]
Compiling architecture structure of entity xil_defaultlib.\REG8__90\ [\REG8__90_default\]
Compiling architecture structure of entity xil_defaultlib.\REG8__89\ [\REG8__89_default\]
Compiling architecture structure of entity xil_defaultlib.\REG8__88\ [\REG8__88_default\]
Compiling architecture structure of entity xil_defaultlib.\REG8__87\ [\REG8__87_default\]
Compiling architecture structure of entity xil_defaultlib.\REG8__86\ [\REG8__86_default\]
Compiling architecture structure of entity xil_defaultlib.\REG8__85\ [\REG8__85_default\]
Compiling architecture structure of entity xil_defaultlib.\REG8__84\ [\REG8__84_default\]
Compiling architecture structure of entity xil_defaultlib.\REG8__129\ [\REG8__129_default\]
Compiling architecture structure of entity xil_defaultlib.\REG8__83\ [\REG8__83_default\]
Compiling architecture structure of entity xil_defaultlib.\REG8__82\ [\REG8__82_default\]
Compiling architecture structure of entity xil_defaultlib.\REG8__81\ [\REG8__81_default\]
Compiling architecture structure of entity xil_defaultlib.\REG8__80\ [\REG8__80_default\]
Compiling architecture structure of entity xil_defaultlib.\REG8__79\ [\REG8__79_default\]
Compiling architecture structure of entity xil_defaultlib.\REG8__78\ [\REG8__78_default\]
Compiling architecture structure of entity xil_defaultlib.\REG8__77\ [\REG8__77_default\]
Compiling architecture structure of entity xil_defaultlib.\REG8__76\ [\REG8__76_default\]
Compiling architecture structure of entity xil_defaultlib.\REG8__75\ [\REG8__75_default\]
Compiling architecture structure of entity xil_defaultlib.\REG8__74\ [\REG8__74_default\]
Compiling architecture structure of entity xil_defaultlib.\REG8__128\ [\REG8__128_default\]
Compiling architecture structure of entity xil_defaultlib.\REG8__73\ [\REG8__73_default\]
Compiling architecture structure of entity xil_defaultlib.\REG8__72\ [\REG8__72_default\]
Compiling architecture structure of entity xil_defaultlib.\REG8__71\ [\REG8__71_default\]
Compiling architecture structure of entity xil_defaultlib.\REG8__70\ [\REG8__70_default\]
Compiling architecture structure of entity xil_defaultlib.\REG8__69\ [\REG8__69_default\]
Compiling architecture structure of entity xil_defaultlib.\REG8__68\ [\REG8__68_default\]
Compiling architecture structure of entity xil_defaultlib.\REG8__67\ [\REG8__67_default\]
Compiling architecture structure of entity xil_defaultlib.\REG8__127\ [\REG8__127_default\]
Compiling architecture structure of entity xil_defaultlib.\REG8__126\ [\REG8__126_default\]
Compiling architecture structure of entity xil_defaultlib.\REG8__125\ [\REG8__125_default\]
Compiling architecture structure of entity xil_defaultlib.\REG8__124\ [\REG8__124_default\]
Compiling architecture structure of entity xil_defaultlib.\REG8__133\ [\REG8__133_default\]
Compiling architecture structure of entity xil_defaultlib.\TOP_BUF__1\ [\TOP_BUF__1_default\]
Compiling architecture muxf7_v of entity unisim.MUXF7 [muxf7_default]
Compiling architecture lut4_v of entity unisim.LUT4 [\LUT4(init="1011101010001010")(0...]
Compiling architecture lut4_v of entity unisim.LUT4 [\LUT4(init="1011111010000010")(0...]
Compiling architecture lut4_v of entity unisim.LUT4 [\LUT4(init="1100101011001100")(0...]
Compiling architecture lut4_v of entity unisim.LUT4 [\LUT4(init="1111011010010000")(0...]
Compiling architecture lut4_v of entity unisim.LUT4 [\LUT4(init="1010111010100010")(0...]
Compiling architecture lut4_v of entity unisim.LUT4 [\LUT4(init="1111001011010000")(0...]
Compiling architecture lut4_v of entity unisim.LUT4 [\LUT4(init="1100101010101100")(0...]
Compiling architecture lut5_v of entity unisim.LUT5 [\LUT5(init="10111111100000111011...]
Compiling architecture lut5_v of entity unisim.LUT5 [\LUT5(init="11111110101010100000...]
Compiling architecture lut5_v of entity unisim.LUT5 [\LUT5(init="11111110000011101111...]
Compiling architecture lut5_v of entity unisim.LUT5 [\LUT5(init="10101111101000111010...]
Compiling architecture lut5_v of entity unisim.LUT5 [\LUT5(init="10101100110010101100...]
Compiling architecture lut5_v of entity unisim.LUT5 [\LUT5(init="11111110001111101100...]
Compiling architecture lut5_v of entity unisim.LUT5 [\LUT5(init="10101010110010101100...]
Compiling architecture lut5_v of entity unisim.LUT5 [\LUT5(init="11111010001110101100...]
Compiling architecture lut5_v of entity unisim.LUT5 [\LUT5(init="11111010110011000000...]
Compiling architecture lut5_v of entity unisim.LUT5 [\LUT5(init="11111111111010100000...]
Compiling architecture lut5_v of entity unisim.LUT5 [\LUT5(init="11111010101011000000...]
Compiling architecture structure of entity xil_defaultlib.\mux8_72bit__3\ [\mux8_72bit__3_default\]
Compiling architecture structure of entity xil_defaultlib.\mirror__1\ [\mirror__1_default\]
Compiling architecture muxf8_v of entity unisim.MUXF8 [muxf8_default]
Compiling architecture lut4_v of entity unisim.LUT4 [\LUT4(init="0000000010001010")(0...]
Compiling architecture lut4_v of entity unisim.LUT4 [\LUT4(init="0000001010101010")(0...]
Compiling architecture lut4_v of entity unisim.LUT4 [\LUT4(init="0000001000101010")(0...]
Compiling architecture lut4_v of entity unisim.LUT4 [\LUT4(init="1010100010001010")(0...]
Compiling architecture lut4_v of entity unisim.LUT4 [\LUT4(init="1101011000000000")(0...]
Compiling architecture lut4_v of entity unisim.LUT4 [\LUT4(init="0010100010000000")(0...]
Compiling architecture lut4_v of entity unisim.LUT4 [\LUT4(init="1010101010000000")(0...]
Compiling architecture lut4_v of entity unisim.LUT4 [\LUT4(init="1010001000000000")(0...]
Compiling architecture structure of entity xil_defaultlib.\mux8_72bit__5\ [\mux8_72bit__5_default\]
Compiling architecture lut4_v of entity unisim.LUT4 [\LUT4(init="1111111110111010")(0...]
Compiling architecture lut4_v of entity unisim.LUT4 [\LUT4(init="1111111010101010")(0...]
Compiling architecture lut4_v of entity unisim.LUT4 [\LUT4(init="1111111011101010")(0...]
Compiling architecture lut4_v of entity unisim.LUT4 [\LUT4(init="1010101110111010")(0...]
Compiling architecture lut4_v of entity unisim.LUT4 [\LUT4(init="1111111100101001")(0...]
Compiling architecture lut4_v of entity unisim.LUT4 [\LUT4(init="1110101110111111")(0...]
Compiling architecture lut4_v of entity unisim.LUT4 [\LUT4(init="1010101010111111")(0...]
Compiling architecture lut4_v of entity unisim.LUT4 [\LUT4(init="1010111011111111")(0...]
Compiling architecture structure of entity xil_defaultlib.\mux8_72bit__4\ [\mux8_72bit__4_default\]
Compiling architecture structure of entity xil_defaultlib.\padd__1\ [\padd__1_default\]
Compiling architecture structure of entity xil_defaultlib.\bufgen__1\ [\bufgen__1_default\]
Compiling architecture lut3_v of entity unisim.LUT3 [\LUT3(init="11001010")(0,7)\]
Compiling architecture lut3_v of entity unisim.LUT3 [\LUT3(init="10101011")(0,7)\]
Compiling architecture structure of entity xil_defaultlib.\newbuf__1\ [\newbuf__1_default\]
Compiling architecture lut3_v of entity unisim.LUT3 [\LUT3(init="10010110")(0,7)\]
Compiling architecture lut3_v of entity unisim.LUT3 [\LUT3(init="11101000")(0,7)\]
Compiling architecture structure of entity xil_defaultlib.\FA__177\ [\FA__177_default\]
Compiling architecture structure of entity xil_defaultlib.\FA__167\ [\FA__167_default\]
Compiling architecture structure of entity xil_defaultlib.\FA__166\ [\FA__166_default\]
Compiling architecture structure of entity xil_defaultlib.\FA__165\ [\FA__165_default\]
Compiling architecture structure of entity xil_defaultlib.\FA__164\ [\FA__164_default\]
Compiling architecture structure of entity xil_defaultlib.\FA__163\ [\FA__163_default\]
Compiling architecture structure of entity xil_defaultlib.\FA__162\ [\FA__162_default\]
Compiling architecture structure of entity xil_defaultlib.\FA__161\ [\FA__161_default\]
Compiling architecture structure of entity xil_defaultlib.\FA__160\ [\FA__160_default\]
Compiling architecture structure of entity xil_defaultlib.\FA__176\ [\FA__176_default\]
Compiling architecture structure of entity xil_defaultlib.\FA__175\ [\FA__175_default\]
Compiling architecture structure of entity xil_defaultlib.\FA__174\ [\FA__174_default\]
Compiling architecture structure of entity xil_defaultlib.\FA__173\ [\FA__173_default\]
Compiling architecture structure of entity xil_defaultlib.\FA__172\ [\FA__172_default\]
Compiling architecture structure of entity xil_defaultlib.\FA__171\ [\FA__171_default\]
Compiling architecture structure of entity xil_defaultlib.\FA__170\ [\FA__170_default\]
Compiling architecture structure of entity xil_defaultlib.\FA__169\ [\FA__169_default\]
Compiling architecture structure of entity xil_defaultlib.\FA__168\ [\FA__168_default\]
Compiling architecture structure of entity xil_defaultlib.\STEP1_3__1\ [\STEP1_3__1_default\]
Compiling architecture carry4_v of entity unisim.CARRY4 [carry4_default]
Compiling architecture lut2_v of entity unisim.LUT2 [\LUT2(init="0110")(0,3)\]
Compiling architecture structure of entity xil_defaultlib.\FastRCA_4bit__30\ [\FastRCA_4bit__30_default\]
Compiling architecture structure of entity xil_defaultlib.\FastRCA_4bit__29\ [\FastRCA_4bit__29_default\]
Compiling architecture structure of entity xil_defaultlib.\FastRCA_4bit__28\ [\FastRCA_4bit__28_default\]
Compiling architecture structure of entity xil_defaultlib.\FastRCA_4bit__27\ [\FastRCA_4bit__27_default\]
Compiling architecture structure of entity xil_defaultlib.\FastRCA_4bit__26\ [\FastRCA_4bit__26_default\]
Compiling architecture structure of entity xil_defaultlib.\ADDER20__4\ [\ADDER20__4_default\]
Compiling architecture structure of entity xil_defaultlib.\Pipeline_3__1\ [\Pipeline_3__1_default\]
Compiling architecture structure of entity xil_defaultlib.\CARRY_SAVE_3__1\ [\CARRY_SAVE_3__1_default\]
Compiling architecture structure of entity xil_defaultlib.\FA__276\ [\FA__276_default\]
Compiling architecture structure of entity xil_defaultlib.\FA__275\ [\FA__275_default\]
Compiling architecture structure of entity xil_defaultlib.\FA__274\ [\FA__274_default\]
Compiling architecture structure of entity xil_defaultlib.\FA__273\ [\FA__273_default\]
Compiling architecture structure of entity xil_defaultlib.\FA__272\ [\FA__272_default\]
Compiling architecture structure of entity xil_defaultlib.\FA__271\ [\FA__271_default\]
Compiling architecture structure of entity xil_defaultlib.\FA__270\ [\FA__270_default\]
Compiling architecture structure of entity xil_defaultlib.\FA__269\ [\FA__269_default\]
Compiling architecture lut2_v of entity unisim.LUT2 [\LUT2(init="1000")(0,3)\]
Compiling architecture structure of entity xil_defaultlib.\FA__282\ [\FA__282_default\]
Compiling architecture structure of entity xil_defaultlib.\FA__281\ [\FA__281_default\]
Compiling architecture structure of entity xil_defaultlib.\FA__280\ [\FA__280_default\]
Compiling architecture structure of entity xil_defaultlib.\FA__279\ [\FA__279_default\]
Compiling architecture structure of entity xil_defaultlib.\FA__278\ [\FA__278_default\]
Compiling architecture structure of entity xil_defaultlib.\FA__277\ [\FA__277_default\]
Compiling architecture structure of entity xil_defaultlib.\STEP1__5\ [\STEP1__5_default\]
Compiling architecture structure of entity xil_defaultlib.\FA__258\ [\FA__258_default\]
Compiling architecture structure of entity xil_defaultlib.\FA__257\ [\FA__257_default\]
Compiling architecture structure of entity xil_defaultlib.\FA__256\ [\FA__256_default\]
Compiling architecture structure of entity xil_defaultlib.\FA__255\ [\FA__255_default\]
Compiling architecture structure of entity xil_defaultlib.\FA__254\ [\FA__254_default\]
Compiling architecture structure of entity xil_defaultlib.\FA__253\ [\FA__253_default\]
Compiling architecture structure of entity xil_defaultlib.\FA__252\ [\FA__252_default\]
Compiling architecture structure of entity xil_defaultlib.\FA__251\ [\FA__251_default\]
Compiling architecture structure of entity xil_defaultlib.\FA__250\ [\FA__250_default\]
Compiling architecture structure of entity xil_defaultlib.\FA__266\ [\FA__266_default\]
Compiling architecture structure of entity xil_defaultlib.\FA__265\ [\FA__265_default\]
Compiling architecture structure of entity xil_defaultlib.\FA__264\ [\FA__264_default\]
Compiling architecture structure of entity xil_defaultlib.\FA__263\ [\FA__263_default\]
Compiling architecture structure of entity xil_defaultlib.\FA__262\ [\FA__262_default\]
Compiling architecture structure of entity xil_defaultlib.\FA__261\ [\FA__261_default\]
Compiling architecture structure of entity xil_defaultlib.\FA__260\ [\FA__260_default\]
Compiling architecture structure of entity xil_defaultlib.\FA__259\ [\FA__259_default\]
Compiling architecture structure of entity xil_defaultlib.\STEP2__5\ [\STEP2__5_default\]
Compiling architecture structure of entity xil_defaultlib.\FastRCA_4bit__45\ [\FastRCA_4bit__45_default\]
Compiling architecture structure of entity xil_defaultlib.\FastRCA_4bit__44\ [\FastRCA_4bit__44_default\]
Compiling architecture structure of entity xil_defaultlib.\FastRCA_4bit__43\ [\FastRCA_4bit__43_default\]
Compiling architecture structure of entity xil_defaultlib.\FastRCA_4bit__42\ [\FastRCA_4bit__42_default\]
Compiling architecture structure of entity xil_defaultlib.\FastRCA_4bit__41\ [\FastRCA_4bit__41_default\]
Compiling architecture structure of entity xil_defaultlib.\ADDER20__7\ [\ADDER20__7_default\]
Compiling architecture structure of entity xil_defaultlib.\Pipeline__5\ [\Pipeline__5_default\]
Compiling architecture structure of entity xil_defaultlib.\CARRY_SAVE__5\ [\CARRY_SAVE__5_default\]
Compiling architecture lut2_v of entity unisim.LUT2 [\LUT2(init="0010")(0,3)\]
Compiling architecture structure of entity xil_defaultlib.\booth__23\ [\booth__23_default\]
Compiling architecture lut5_v of entity unisim.LUT5 [\LUT5(init="00000000000000001011...]
Compiling architecture lut6_v of entity unisim.LUT6 [\LUT6(init="00000000110000001010...]
Compiling architecture lut5_v of entity unisim.LUT5 [\LUT5(init="00001010100000000000...]
Compiling architecture lut6_v of entity unisim.LUT6 [\LUT6(init="00111000000010001111...]
Compiling architecture lut4_v of entity unisim.LUT4 [\LUT4(init="0011100000001000")(0...]
Compiling architecture structure of entity xil_defaultlib.\MUX__23\ [\MUX__23_default\]
Compiling architecture structure of entity xil_defaultlib.\MUX__22\ [\MUX__22_default\]
Compiling architecture structure of entity xil_defaultlib.\MUX__21\ [\MUX__21_default\]
Compiling architecture structure of entity xil_defaultlib.\MUX__20\ [\MUX__20_default\]
Compiling architecture lut3_v of entity unisim.LUT3 [\LUT3(init="00011000")(0,7)\]
Compiling architecture lut3_v of entity unisim.LUT3 [\LUT3(init="00101010")(0,7)\]
Compiling architecture structure of entity xil_defaultlib.\booth__22\ [\booth__22_default\]
Compiling architecture structure of entity xil_defaultlib.\booth__21\ [\booth__21_default\]
Compiling architecture structure of entity xil_defaultlib.\booth__20\ [\booth__20_default\]
Compiling architecture lut5_v of entity unisim.LUT5 [\LUT5(init="11111111111111111111...]
Compiling architecture lut6_v of entity unisim.LUT6 [\LUT6(init="00000000000000000000...]
Compiling architecture lut3_v of entity unisim.LUT3 [\LUT3(init="00011110")(0,7)\]
Compiling architecture lut4_v of entity unisim.LUT4 [\LUT4(init="0000000111111110")(0...]
Compiling architecture lut5_v of entity unisim.LUT5 [\LUT5(init="00000000000000011111...]
Compiling architecture lut6_v of entity unisim.LUT6 [\LUT6(init="00000000000000000000...]
Compiling architecture lut2_v of entity unisim.LUT2 [\LUT2(init="1001")(0,3)\]
Compiling architecture lut3_v of entity unisim.LUT3 [\LUT3(init="00101101")(0,7)\]
Compiling architecture lut4_v of entity unisim.LUT4 [\LUT4(init="0000010011111011")(0...]
Compiling architecture lut5_v of entity unisim.LUT5 [\LUT5(init="00000000000001001111...]
Compiling architecture structure of entity xil_defaultlib.\plus__5\ [\plus__5_default\]
Compiling architecture structure of entity xil_defaultlib.\Partial_products__5\ [\Partial_products__5_default\]
Compiling architecture structure of entity xil_defaultlib.\TOP_MULTI__5\ [\TOP_MULTI__5_default\]
Compiling architecture structure of entity xil_defaultlib.\FA__204\ [\FA__204_default\]
Compiling architecture structure of entity xil_defaultlib.\FA__203\ [\FA__203_default\]
Compiling architecture structure of entity xil_defaultlib.\FA__202\ [\FA__202_default\]
Compiling architecture structure of entity xil_defaultlib.\FA__201\ [\FA__201_default\]
Compiling architecture structure of entity xil_defaultlib.\FA__200\ [\FA__200_default\]
Compiling architecture structure of entity xil_defaultlib.\FA__199\ [\FA__199_default\]
Compiling architecture structure of entity xil_defaultlib.\FA__198\ [\FA__198_default\]
Compiling architecture structure of entity xil_defaultlib.\FA__197\ [\FA__197_default\]
Compiling architecture structure of entity xil_defaultlib.\FA__210\ [\FA__210_default\]
Compiling architecture structure of entity xil_defaultlib.\FA__209\ [\FA__209_default\]
Compiling architecture structure of entity xil_defaultlib.\FA__208\ [\FA__208_default\]
Compiling architecture structure of entity xil_defaultlib.\FA__207\ [\FA__207_default\]
Compiling architecture structure of entity xil_defaultlib.\FA__206\ [\FA__206_default\]
Compiling architecture structure of entity xil_defaultlib.\FA__205\ [\FA__205_default\]
Compiling architecture structure of entity xil_defaultlib.\STEP1__3\ [\STEP1__3_default\]
Compiling architecture structure of entity xil_defaultlib.\FA__186\ [\FA__186_default\]
Compiling architecture structure of entity xil_defaultlib.\FA__185\ [\FA__185_default\]
Compiling architecture structure of entity xil_defaultlib.\FA__184\ [\FA__184_default\]
Compiling architecture structure of entity xil_defaultlib.\FA__183\ [\FA__183_default\]
Compiling architecture structure of entity xil_defaultlib.\FA__182\ [\FA__182_default\]
Compiling architecture structure of entity xil_defaultlib.\FA__181\ [\FA__181_default\]
Compiling architecture structure of entity xil_defaultlib.\FA__180\ [\FA__180_default\]
Compiling architecture structure of entity xil_defaultlib.\FA__179\ [\FA__179_default\]
Compiling architecture structure of entity xil_defaultlib.\FA__178\ [\FA__178_default\]
Compiling architecture structure of entity xil_defaultlib.\FA__194\ [\FA__194_default\]
Compiling architecture structure of entity xil_defaultlib.\FA__193\ [\FA__193_default\]
Compiling architecture structure of entity xil_defaultlib.\FA__192\ [\FA__192_default\]
Compiling architecture structure of entity xil_defaultlib.\FA__191\ [\FA__191_default\]
Compiling architecture structure of entity xil_defaultlib.\FA__190\ [\FA__190_default\]
Compiling architecture structure of entity xil_defaultlib.\FA__189\ [\FA__189_default\]
Compiling architecture structure of entity xil_defaultlib.\FA__188\ [\FA__188_default\]
Compiling architecture structure of entity xil_defaultlib.\FA__187\ [\FA__187_default\]
Compiling architecture structure of entity xil_defaultlib.\STEP2__3\ [\STEP2__3_default\]
Compiling architecture structure of entity xil_defaultlib.\FastRCA_4bit__35\ [\FastRCA_4bit__35_default\]
Compiling architecture structure of entity xil_defaultlib.\FastRCA_4bit__34\ [\FastRCA_4bit__34_default\]
Compiling architecture structure of entity xil_defaultlib.\FastRCA_4bit__33\ [\FastRCA_4bit__33_default\]
Compiling architecture structure of entity xil_defaultlib.\FastRCA_4bit__32\ [\FastRCA_4bit__32_default\]
Compiling architecture structure of entity xil_defaultlib.\FastRCA_4bit__31\ [\FastRCA_4bit__31_default\]
Compiling architecture structure of entity xil_defaultlib.\ADDER20__5\ [\ADDER20__5_default\]
Compiling architecture structure of entity xil_defaultlib.\Pipeline__3\ [\Pipeline__3_default\]
Compiling architecture structure of entity xil_defaultlib.\CARRY_SAVE__3\ [\CARRY_SAVE__3_default\]
Compiling architecture structure of entity xil_defaultlib.\booth__15\ [\booth__15_default\]
Compiling architecture structure of entity xil_defaultlib.\MUX__15\ [\MUX__15_default\]
Compiling architecture structure of entity xil_defaultlib.\MUX__14\ [\MUX__14_default\]
Compiling architecture structure of entity xil_defaultlib.\MUX__13\ [\MUX__13_default\]
Compiling architecture structure of entity xil_defaultlib.\MUX__12\ [\MUX__12_default\]
Compiling architecture structure of entity xil_defaultlib.\booth__14\ [\booth__14_default\]
Compiling architecture structure of entity xil_defaultlib.\booth__13\ [\booth__13_default\]
Compiling architecture structure of entity xil_defaultlib.\booth__12\ [\booth__12_default\]
Compiling architecture lut3_v of entity unisim.LUT3 [\LUT3(init="11111011")(0,7)\]
Compiling architecture structure of entity xil_defaultlib.\plus__3\ [\plus__3_default\]
Compiling architecture structure of entity xil_defaultlib.\Partial_products__3\ [\Partial_products__3_default\]
Compiling architecture structure of entity xil_defaultlib.\TOP_MULTI__3\ [\TOP_MULTI__3_default\]
Compiling architecture structure of entity xil_defaultlib.\FA__240\ [\FA__240_default\]
Compiling architecture structure of entity xil_defaultlib.\FA__239\ [\FA__239_default\]
Compiling architecture structure of entity xil_defaultlib.\FA__238\ [\FA__238_default\]
Compiling architecture structure of entity xil_defaultlib.\FA__237\ [\FA__237_default\]
Compiling architecture structure of entity xil_defaultlib.\FA__236\ [\FA__236_default\]
Compiling architecture structure of entity xil_defaultlib.\FA__235\ [\FA__235_default\]
Compiling architecture structure of entity xil_defaultlib.\FA__234\ [\FA__234_default\]
Compiling architecture structure of entity xil_defaultlib.\FA__233\ [\FA__233_default\]
Compiling architecture structure of entity xil_defaultlib.\FA__246\ [\FA__246_default\]
Compiling architecture structure of entity xil_defaultlib.\FA__245\ [\FA__245_default\]
Compiling architecture structure of entity xil_defaultlib.\FA__244\ [\FA__244_default\]
Compiling architecture structure of entity xil_defaultlib.\FA__243\ [\FA__243_default\]
Compiling architecture structure of entity xil_defaultlib.\FA__242\ [\FA__242_default\]
Compiling architecture structure of entity xil_defaultlib.\FA__241\ [\FA__241_default\]
Compiling architecture structure of entity xil_defaultlib.\STEP1__4\ [\STEP1__4_default\]
Compiling architecture structure of entity xil_defaultlib.\FA__222\ [\FA__222_default\]
Compiling architecture structure of entity xil_defaultlib.\FA__221\ [\FA__221_default\]
Compiling architecture structure of entity xil_defaultlib.\FA__220\ [\FA__220_default\]
Compiling architecture structure of entity xil_defaultlib.\FA__219\ [\FA__219_default\]
Compiling architecture structure of entity xil_defaultlib.\FA__218\ [\FA__218_default\]
Compiling architecture structure of entity xil_defaultlib.\FA__217\ [\FA__217_default\]
Compiling architecture structure of entity xil_defaultlib.\FA__216\ [\FA__216_default\]
Compiling architecture structure of entity xil_defaultlib.\FA__215\ [\FA__215_default\]
Compiling architecture structure of entity xil_defaultlib.\FA__214\ [\FA__214_default\]
Compiling architecture structure of entity xil_defaultlib.\FA__230\ [\FA__230_default\]
Compiling architecture structure of entity xil_defaultlib.\FA__229\ [\FA__229_default\]
Compiling architecture structure of entity xil_defaultlib.\FA__228\ [\FA__228_default\]
Compiling architecture structure of entity xil_defaultlib.\FA__227\ [\FA__227_default\]
Compiling architecture structure of entity xil_defaultlib.\FA__226\ [\FA__226_default\]
Compiling architecture structure of entity xil_defaultlib.\FA__225\ [\FA__225_default\]
Compiling architecture structure of entity xil_defaultlib.\FA__224\ [\FA__224_default\]
Compiling architecture structure of entity xil_defaultlib.\FA__223\ [\FA__223_default\]
Compiling architecture structure of entity xil_defaultlib.\STEP2__4\ [\STEP2__4_default\]
Compiling architecture structure of entity xil_defaultlib.\FastRCA_4bit__40\ [\FastRCA_4bit__40_default\]
Compiling architecture structure of entity xil_defaultlib.\FastRCA_4bit__39\ [\FastRCA_4bit__39_default\]
Compiling architecture structure of entity xil_defaultlib.\FastRCA_4bit__38\ [\FastRCA_4bit__38_default\]
Compiling architecture structure of entity xil_defaultlib.\FastRCA_4bit__37\ [\FastRCA_4bit__37_default\]
Compiling architecture structure of entity xil_defaultlib.\FastRCA_4bit__36\ [\FastRCA_4bit__36_default\]
Compiling architecture structure of entity xil_defaultlib.\ADDER20__6\ [\ADDER20__6_default\]
Compiling architecture structure of entity xil_defaultlib.\Pipeline__4\ [\Pipeline__4_default\]
Compiling architecture structure of entity xil_defaultlib.\CARRY_SAVE__4\ [\CARRY_SAVE__4_default\]
Compiling architecture structure of entity xil_defaultlib.\booth__19\ [\booth__19_default\]
Compiling architecture structure of entity xil_defaultlib.\MUX__19\ [\MUX__19_default\]
Compiling architecture structure of entity xil_defaultlib.\MUX__18\ [\MUX__18_default\]
Compiling architecture structure of entity xil_defaultlib.\MUX__17\ [\MUX__17_default\]
Compiling architecture structure of entity xil_defaultlib.\MUX__16\ [\MUX__16_default\]
Compiling architecture structure of entity xil_defaultlib.\booth__18\ [\booth__18_default\]
Compiling architecture structure of entity xil_defaultlib.\booth__17\ [\booth__17_default\]
Compiling architecture structure of entity xil_defaultlib.\booth__16\ [\booth__16_default\]
Compiling architecture structure of entity xil_defaultlib.\plus__4\ [\plus__4_default\]
Compiling architecture structure of entity xil_defaultlib.\Partial_products__4\ [\Partial_products__4_default\]
Compiling architecture structure of entity xil_defaultlib.\TOP_MULTI__4\ [\TOP_MULTI__4_default\]
Compiling architecture lut4_v of entity unisim.LUT4 [\LUT4(init="0000000000000001")(0...]
Compiling architecture lut5_v of entity unisim.LUT5 [\LUT5(init="00000000000000010000...]
Compiling architecture lut6_v of entity unisim.LUT6 [\LUT6(init="00000000000000001111...]
Compiling architecture lut6_v of entity unisim.LUT6 [\LUT6(init="00000000111111110000...]
Compiling architecture structure of entity xil_defaultlib.\SATURATION__1\ [\SATURATION__1_default\]
Compiling architecture structure of entity xil_defaultlib.\FA__319\ [\FA__319_default\]
Compiling architecture structure of entity xil_defaultlib.\FA__318\ [\FA__318_default\]
Compiling architecture structure of entity xil_defaultlib.\FA__317\ [\FA__317_default\]
Compiling architecture structure of entity xil_defaultlib.\FA__316\ [\FA__316_default\]
Compiling architecture structure of entity xil_defaultlib.\FA__315\ [\FA__315_default\]
Compiling architecture structure of entity xil_defaultlib.\FA__314\ [\FA__314_default\]
Compiling architecture structure of entity xil_defaultlib.\FA__313\ [\FA__313_default\]
Compiling architecture structure of entity xil_defaultlib.\FA__312\ [\FA__312_default\]
Compiling architecture structure of entity xil_defaultlib.\FIRST__3\ [\FIRST__3_default\]
Compiling architecture structure of entity xil_defaultlib.\FA__311\ [\FA__311_default\]
Compiling architecture structure of entity xil_defaultlib.\FA__310\ [\FA__310_default\]
Compiling architecture structure of entity xil_defaultlib.\FA__309\ [\FA__309_default\]
Compiling architecture structure of entity xil_defaultlib.\FA__308\ [\FA__308_default\]
Compiling architecture structure of entity xil_defaultlib.\FA__307\ [\FA__307_default\]
Compiling architecture structure of entity xil_defaultlib.\FA__306\ [\FA__306_default\]
Compiling architecture structure of entity xil_defaultlib.\FA__305\ [\FA__305_default\]
Compiling architecture structure of entity xil_defaultlib.\FA__304\ [\FA__304_default\]
Compiling architecture structure of entity xil_defaultlib.\SECOND__3\ [\SECOND__3_default\]
Compiling architecture structure of entity xil_defaultlib.\FastRCA_4bit__51\ [\FastRCA_4bit__51_default\]
Compiling architecture structure of entity xil_defaultlib.\FastRCA_4bit__50\ [\FastRCA_4bit__50_default\]
Compiling architecture structure of entity xil_defaultlib.\FastRCA_4bit__49\ [\FastRCA_4bit__49_default\]
Compiling architecture structure of entity xil_defaultlib.\ADDER12__3\ [\ADDER12__3_default\]
Compiling architecture structure of entity xil_defaultlib.\PIPE_TO_ADDER__3\ [\PIPE_TO_ADDER__3_default\]
Compiling architecture structure of entity xil_defaultlib.\CARRY_SAVE4_8__3\ [\CARRY_SAVE4_8__3_default\]
Compiling architecture structure of entity xil_defaultlib.\FA__302\ [\FA__302_default\]
Compiling architecture structure of entity xil_defaultlib.\FA__301\ [\FA__301_default\]
Compiling architecture structure of entity xil_defaultlib.\FA__300\ [\FA__300_default\]
Compiling architecture structure of entity xil_defaultlib.\FA__299\ [\FA__299_default\]
Compiling architecture structure of entity xil_defaultlib.\FA__298\ [\FA__298_default\]
Compiling architecture structure of entity xil_defaultlib.\FA__297\ [\FA__297_default\]
Compiling architecture structure of entity xil_defaultlib.\FA__296\ [\FA__296_default\]
Compiling architecture structure of entity xil_defaultlib.\FA__295\ [\FA__295_default\]
Compiling architecture structure of entity xil_defaultlib.\FIRST__2\ [\FIRST__2_default\]
Compiling architecture structure of entity xil_defaultlib.\FA__294\ [\FA__294_default\]
Compiling architecture structure of entity xil_defaultlib.\FA__293\ [\FA__293_default\]
Compiling architecture structure of entity xil_defaultlib.\FA__292\ [\FA__292_default\]
Compiling architecture structure of entity xil_defaultlib.\FA__291\ [\FA__291_default\]
Compiling architecture structure of entity xil_defaultlib.\FA__290\ [\FA__290_default\]
Compiling architecture structure of entity xil_defaultlib.\FA__289\ [\FA__289_default\]
Compiling architecture structure of entity xil_defaultlib.\FA__288\ [\FA__288_default\]
Compiling architecture structure of entity xil_defaultlib.\FA__287\ [\FA__287_default\]
Compiling architecture structure of entity xil_defaultlib.\SECOND__2\ [\SECOND__2_default\]
Compiling architecture structure of entity xil_defaultlib.\FastRCA_4bit__48\ [\FastRCA_4bit__48_default\]
Compiling architecture structure of entity xil_defaultlib.\FastRCA_4bit__47\ [\FastRCA_4bit__47_default\]
Compiling architecture structure of entity xil_defaultlib.\FastRCA_4bit__46\ [\FastRCA_4bit__46_default\]
Compiling architecture structure of entity xil_defaultlib.\ADDER12__2\ [\ADDER12__2_default\]
Compiling architecture structure of entity xil_defaultlib.\PIPE_TO_ADDER__2\ [\PIPE_TO_ADDER__2_default\]
Compiling architecture structure of entity xil_defaultlib.\CARRY_SAVE4_8__2\ [\CARRY_SAVE4_8__2_default\]
Compiling architecture structure of entity xil_defaultlib.\TOP_PIX__1\ [\TOP_PIX__1_default\]
Compiling architecture structure of entity xil_defaultlib.\REG8__190\ [\REG8__190_default\]
Compiling architecture structure of entity xil_defaultlib.\REG8__189\ [\REG8__189_default\]
Compiling architecture structure of entity xil_defaultlib.\REG8__188\ [\REG8__188_default\]
Compiling architecture structure of entity xil_defaultlib.\REG8__187\ [\REG8__187_default\]
Compiling architecture structure of entity xil_defaultlib.\REG8__186\ [\REG8__186_default\]
Compiling architecture structure of entity xil_defaultlib.\REG8__185\ [\REG8__185_default\]
Compiling architecture structure of entity xil_defaultlib.\REG8__184\ [\REG8__184_default\]
Compiling architecture structure of entity xil_defaultlib.\REG8__183\ [\REG8__183_default\]
Compiling architecture structure of entity xil_defaultlib.\REG8__182\ [\REG8__182_default\]
Compiling architecture structure of entity xil_defaultlib.\REG8__181\ [\REG8__181_default\]
Compiling architecture structure of entity xil_defaultlib.\REG8__199\ [\REG8__199_default\]
Compiling architecture structure of entity xil_defaultlib.\REG8__180\ [\REG8__180_default\]
Compiling architecture structure of entity xil_defaultlib.\REG8__179\ [\REG8__179_default\]
Compiling architecture structure of entity xil_defaultlib.\REG8__178\ [\REG8__178_default\]
Compiling architecture structure of entity xil_defaultlib.\REG8__177\ [\REG8__177_default\]
Compiling architecture structure of entity xil_defaultlib.\REG8__176\ [\REG8__176_default\]
Compiling architecture structure of entity xil_defaultlib.\REG8__175\ [\REG8__175_default\]
Compiling architecture structure of entity xil_defaultlib.\REG8__174\ [\REG8__174_default\]
Compiling architecture structure of entity xil_defaultlib.\REG8__173\ [\REG8__173_default\]
Compiling architecture structure of entity xil_defaultlib.\REG8__172\ [\REG8__172_default\]
Compiling architecture structure of entity xil_defaultlib.\REG8__171\ [\REG8__171_default\]
Compiling architecture structure of entity xil_defaultlib.\REG8__198\ [\REG8__198_default\]
Compiling architecture structure of entity xil_defaultlib.\REG8__170\ [\REG8__170_default\]
Compiling architecture structure of entity xil_defaultlib.\REG8__169\ [\REG8__169_default\]
Compiling architecture structure of entity xil_defaultlib.\REG8__168\ [\REG8__168_default\]
Compiling architecture structure of entity xil_defaultlib.\REG8__167\ [\REG8__167_default\]
Compiling architecture structure of entity xil_defaultlib.\REG8__166\ [\REG8__166_default\]
Compiling architecture structure of entity xil_defaultlib.\REG8__165\ [\REG8__165_default\]
Compiling architecture structure of entity xil_defaultlib.\REG8__164\ [\REG8__164_default\]
Compiling architecture structure of entity xil_defaultlib.\REG8__163\ [\REG8__163_default\]
Compiling architecture structure of entity xil_defaultlib.\REG8__162\ [\REG8__162_default\]
Compiling architecture structure of entity xil_defaultlib.\REG8__161\ [\REG8__161_default\]
Compiling architecture structure of entity xil_defaultlib.\REG8__197\ [\REG8__197_default\]
Compiling architecture structure of entity xil_defaultlib.\REG8__160\ [\REG8__160_default\]
Compiling architecture structure of entity xil_defaultlib.\REG8__159\ [\REG8__159_default\]
Compiling architecture structure of entity xil_defaultlib.\REG8__158\ [\REG8__158_default\]
Compiling architecture structure of entity xil_defaultlib.\REG8__157\ [\REG8__157_default\]
Compiling architecture structure of entity xil_defaultlib.\REG8__156\ [\REG8__156_default\]
Compiling architecture structure of entity xil_defaultlib.\REG8__155\ [\REG8__155_default\]
Compiling architecture structure of entity xil_defaultlib.\REG8__154\ [\REG8__154_default\]
Compiling architecture structure of entity xil_defaultlib.\REG8__153\ [\REG8__153_default\]
Compiling architecture structure of entity xil_defaultlib.\REG8__152\ [\REG8__152_default\]
Compiling architecture structure of entity xil_defaultlib.\REG8__151\ [\REG8__151_default\]
Compiling architecture structure of entity xil_defaultlib.\REG8__196\ [\REG8__196_default\]
Compiling architecture structure of entity xil_defaultlib.\REG8__150\ [\REG8__150_default\]
Compiling architecture structure of entity xil_defaultlib.\REG8__149\ [\REG8__149_default\]
Compiling architecture structure of entity xil_defaultlib.\REG8__148\ [\REG8__148_default\]
Compiling architecture structure of entity xil_defaultlib.\REG8__147\ [\REG8__147_default\]
Compiling architecture structure of entity xil_defaultlib.\REG8__146\ [\REG8__146_default\]
Compiling architecture structure of entity xil_defaultlib.\REG8__145\ [\REG8__145_default\]
Compiling architecture structure of entity xil_defaultlib.\REG8__144\ [\REG8__144_default\]
Compiling architecture structure of entity xil_defaultlib.\REG8__143\ [\REG8__143_default\]
Compiling architecture structure of entity xil_defaultlib.\REG8__142\ [\REG8__142_default\]
Compiling architecture structure of entity xil_defaultlib.\REG8__141\ [\REG8__141_default\]
Compiling architecture structure of entity xil_defaultlib.\REG8__195\ [\REG8__195_default\]
Compiling architecture structure of entity xil_defaultlib.\REG8__140\ [\REG8__140_default\]
Compiling architecture structure of entity xil_defaultlib.\REG8__139\ [\REG8__139_default\]
Compiling architecture structure of entity xil_defaultlib.\REG8__138\ [\REG8__138_default\]
Compiling architecture structure of entity xil_defaultlib.\REG8__137\ [\REG8__137_default\]
Compiling architecture structure of entity xil_defaultlib.\REG8__136\ [\REG8__136_default\]
Compiling architecture structure of entity xil_defaultlib.\REG8__135\ [\REG8__135_default\]
Compiling architecture structure of entity xil_defaultlib.\REG8__134\ [\REG8__134_default\]
Compiling architecture structure of entity xil_defaultlib.\REG8__194\ [\REG8__194_default\]
Compiling architecture structure of entity xil_defaultlib.\REG8__193\ [\REG8__193_default\]
Compiling architecture structure of entity xil_defaultlib.\REG8__192\ [\REG8__192_default\]
Compiling architecture structure of entity xil_defaultlib.\REG8__191\ [\REG8__191_default\]
Compiling architecture structure of entity xil_defaultlib.\REG8__200\ [\REG8__200_default\]
Compiling architecture structure of entity xil_defaultlib.\TOP_BUF__2\ [\TOP_BUF__2_default\]
Compiling architecture structure of entity xil_defaultlib.\mux8_72bit__6\ [\mux8_72bit__6_default\]
Compiling architecture structure of entity xil_defaultlib.\mirror__2\ [\mirror__2_default\]
Compiling architecture structure of entity xil_defaultlib.\mux8_72bit__8\ [\mux8_72bit__8_default\]
Compiling architecture structure of entity xil_defaultlib.\mux8_72bit__7\ [\mux8_72bit__7_default\]
Compiling architecture structure of entity xil_defaultlib.\padd__2\ [\padd__2_default\]
Compiling architecture structure of entity xil_defaultlib.\bufgen__2\ [\bufgen__2_default\]
Compiling architecture structure of entity xil_defaultlib.\newbuf__2\ [\newbuf__2_default\]
Compiling architecture structure of entity xil_defaultlib.\FA__337\ [\FA__337_default\]
Compiling architecture structure of entity xil_defaultlib.\FA__327\ [\FA__327_default\]
Compiling architecture structure of entity xil_defaultlib.\FA__326\ [\FA__326_default\]
Compiling architecture structure of entity xil_defaultlib.\FA__325\ [\FA__325_default\]
Compiling architecture structure of entity xil_defaultlib.\FA__324\ [\FA__324_default\]
Compiling architecture structure of entity xil_defaultlib.\FA__323\ [\FA__323_default\]
Compiling architecture structure of entity xil_defaultlib.\FA__322\ [\FA__322_default\]
Compiling architecture structure of entity xil_defaultlib.\FA__321\ [\FA__321_default\]
Compiling architecture structure of entity xil_defaultlib.\FA__320\ [\FA__320_default\]
Compiling architecture structure of entity xil_defaultlib.\FA__336\ [\FA__336_default\]
Compiling architecture structure of entity xil_defaultlib.\FA__335\ [\FA__335_default\]
Compiling architecture structure of entity xil_defaultlib.\FA__334\ [\FA__334_default\]
Compiling architecture structure of entity xil_defaultlib.\FA__333\ [\FA__333_default\]
Compiling architecture structure of entity xil_defaultlib.\FA__332\ [\FA__332_default\]
Compiling architecture structure of entity xil_defaultlib.\FA__331\ [\FA__331_default\]
Compiling architecture structure of entity xil_defaultlib.\FA__330\ [\FA__330_default\]
Compiling architecture structure of entity xil_defaultlib.\FA__329\ [\FA__329_default\]
Compiling architecture structure of entity xil_defaultlib.\FA__328\ [\FA__328_default\]
Compiling architecture structure of entity xil_defaultlib.\STEP1_3__2\ [\STEP1_3__2_default\]
Compiling architecture structure of entity xil_defaultlib.\FastRCA_4bit__56\ [\FastRCA_4bit__56_default\]
Compiling architecture structure of entity xil_defaultlib.\FastRCA_4bit__55\ [\FastRCA_4bit__55_default\]
Compiling architecture structure of entity xil_defaultlib.\FastRCA_4bit__54\ [\FastRCA_4bit__54_default\]
Compiling architecture structure of entity xil_defaultlib.\FastRCA_4bit__53\ [\FastRCA_4bit__53_default\]
Compiling architecture structure of entity xil_defaultlib.\FastRCA_4bit__52\ [\FastRCA_4bit__52_default\]
Compiling architecture structure of entity xil_defaultlib.\ADDER20__8\ [\ADDER20__8_default\]
Compiling architecture structure of entity xil_defaultlib.\Pipeline_3__2\ [\Pipeline_3__2_default\]
Compiling architecture structure of entity xil_defaultlib.\CARRY_SAVE_3__2\ [\CARRY_SAVE_3__2_default\]
Compiling architecture structure of entity xil_defaultlib.\FA__436\ [\FA__436_default\]
Compiling architecture structure of entity xil_defaultlib.\FA__435\ [\FA__435_default\]
Compiling architecture structure of entity xil_defaultlib.\FA__434\ [\FA__434_default\]
Compiling architecture structure of entity xil_defaultlib.\FA__433\ [\FA__433_default\]
Compiling architecture structure of entity xil_defaultlib.\FA__432\ [\FA__432_default\]
Compiling architecture structure of entity xil_defaultlib.\FA__431\ [\FA__431_default\]
Compiling architecture structure of entity xil_defaultlib.\FA__430\ [\FA__430_default\]
Compiling architecture structure of entity xil_defaultlib.\FA__429\ [\FA__429_default\]
Compiling architecture structure of entity xil_defaultlib.\FA__442\ [\FA__442_default\]
Compiling architecture structure of entity xil_defaultlib.\FA__441\ [\FA__441_default\]
Compiling architecture structure of entity xil_defaultlib.\FA__440\ [\FA__440_default\]
Compiling architecture structure of entity xil_defaultlib.\FA__439\ [\FA__439_default\]
Compiling architecture structure of entity xil_defaultlib.\FA__438\ [\FA__438_default\]
Compiling architecture structure of entity xil_defaultlib.\FA__437\ [\FA__437_default\]
Compiling architecture structure of entity xil_defaultlib.\STEP1__8\ [\STEP1__8_default\]
Compiling architecture structure of entity xil_defaultlib.\FA__418\ [\FA__418_default\]
Compiling architecture structure of entity xil_defaultlib.\FA__417\ [\FA__417_default\]
Compiling architecture structure of entity xil_defaultlib.\FA__416\ [\FA__416_default\]
Compiling architecture structure of entity xil_defaultlib.\FA__415\ [\FA__415_default\]
Compiling architecture structure of entity xil_defaultlib.\FA__414\ [\FA__414_default\]
Compiling architecture structure of entity xil_defaultlib.\FA__413\ [\FA__413_default\]
Compiling architecture structure of entity xil_defaultlib.\FA__412\ [\FA__412_default\]
Compiling architecture structure of entity xil_defaultlib.\FA__411\ [\FA__411_default\]
Compiling architecture structure of entity xil_defaultlib.\FA__410\ [\FA__410_default\]
Compiling architecture structure of entity xil_defaultlib.\FA__426\ [\FA__426_default\]
Compiling architecture structure of entity xil_defaultlib.\FA__425\ [\FA__425_default\]
Compiling architecture structure of entity xil_defaultlib.\FA__424\ [\FA__424_default\]
Compiling architecture structure of entity xil_defaultlib.\FA__423\ [\FA__423_default\]
Compiling architecture structure of entity xil_defaultlib.\FA__422\ [\FA__422_default\]
Compiling architecture structure of entity xil_defaultlib.\FA__421\ [\FA__421_default\]
Compiling architecture structure of entity xil_defaultlib.\FA__420\ [\FA__420_default\]
Compiling architecture structure of entity xil_defaultlib.\FA__419\ [\FA__419_default\]
Compiling architecture structure of entity xil_defaultlib.\STEP2__8\ [\STEP2__8_default\]
Compiling architecture structure of entity xil_defaultlib.\FastRCA_4bit__71\ [\FastRCA_4bit__71_default\]
Compiling architecture structure of entity xil_defaultlib.\FastRCA_4bit__70\ [\FastRCA_4bit__70_default\]
Compiling architecture structure of entity xil_defaultlib.\FastRCA_4bit__69\ [\FastRCA_4bit__69_default\]
Compiling architecture structure of entity xil_defaultlib.\FastRCA_4bit__68\ [\FastRCA_4bit__68_default\]
Compiling architecture structure of entity xil_defaultlib.\FastRCA_4bit__67\ [\FastRCA_4bit__67_default\]
Compiling architecture structure of entity xil_defaultlib.\ADDER20__11\ [\ADDER20__11_default\]
Compiling architecture structure of entity xil_defaultlib.\Pipeline__8\ [\Pipeline__8_default\]
Compiling architecture structure of entity xil_defaultlib.\CARRY_SAVE__8\ [\CARRY_SAVE__8_default\]
Compiling architecture structure of entity xil_defaultlib.\booth__35\ [\booth__35_default\]
Compiling architecture structure of entity xil_defaultlib.\MUX__35\ [\MUX__35_default\]
Compiling architecture structure of entity xil_defaultlib.\MUX__34\ [\MUX__34_default\]
Compiling architecture structure of entity xil_defaultlib.\MUX__33\ [\MUX__33_default\]
Compiling architecture structure of entity xil_defaultlib.\MUX__32\ [\MUX__32_default\]
Compiling architecture structure of entity xil_defaultlib.\booth__34\ [\booth__34_default\]
Compiling architecture structure of entity xil_defaultlib.\booth__33\ [\booth__33_default\]
Compiling architecture structure of entity xil_defaultlib.\booth__32\ [\booth__32_default\]
Compiling architecture structure of entity xil_defaultlib.\plus__8\ [\plus__8_default\]
Compiling architecture structure of entity xil_defaultlib.\Partial_products__8\ [\Partial_products__8_default\]
Compiling architecture structure of entity xil_defaultlib.\TOP_MULTI__8\ [\TOP_MULTI__8_default\]
Compiling architecture structure of entity xil_defaultlib.\FA__364\ [\FA__364_default\]
Compiling architecture structure of entity xil_defaultlib.\FA__363\ [\FA__363_default\]
Compiling architecture structure of entity xil_defaultlib.\FA__362\ [\FA__362_default\]
Compiling architecture structure of entity xil_defaultlib.\FA__361\ [\FA__361_default\]
Compiling architecture structure of entity xil_defaultlib.\FA__360\ [\FA__360_default\]
Compiling architecture structure of entity xil_defaultlib.\FA__359\ [\FA__359_default\]
Compiling architecture structure of entity xil_defaultlib.\FA__358\ [\FA__358_default\]
Compiling architecture structure of entity xil_defaultlib.\FA__357\ [\FA__357_default\]
Compiling architecture structure of entity xil_defaultlib.\FA__370\ [\FA__370_default\]
Compiling architecture structure of entity xil_defaultlib.\FA__369\ [\FA__369_default\]
Compiling architecture structure of entity xil_defaultlib.\FA__368\ [\FA__368_default\]
Compiling architecture structure of entity xil_defaultlib.\FA__367\ [\FA__367_default\]
Compiling architecture structure of entity xil_defaultlib.\FA__366\ [\FA__366_default\]
Compiling architecture structure of entity xil_defaultlib.\FA__365\ [\FA__365_default\]
Compiling architecture structure of entity xil_defaultlib.\STEP1__6\ [\STEP1__6_default\]
Compiling architecture structure of entity xil_defaultlib.\FA__346\ [\FA__346_default\]
Compiling architecture structure of entity xil_defaultlib.\FA__345\ [\FA__345_default\]
Compiling architecture structure of entity xil_defaultlib.\FA__344\ [\FA__344_default\]
Compiling architecture structure of entity xil_defaultlib.\FA__343\ [\FA__343_default\]
Compiling architecture structure of entity xil_defaultlib.\FA__342\ [\FA__342_default\]
Compiling architecture structure of entity xil_defaultlib.\FA__341\ [\FA__341_default\]
Compiling architecture structure of entity xil_defaultlib.\FA__340\ [\FA__340_default\]
Compiling architecture structure of entity xil_defaultlib.\FA__339\ [\FA__339_default\]
Compiling architecture structure of entity xil_defaultlib.\FA__338\ [\FA__338_default\]
Compiling architecture structure of entity xil_defaultlib.\FA__354\ [\FA__354_default\]
Compiling architecture structure of entity xil_defaultlib.\FA__353\ [\FA__353_default\]
Compiling architecture structure of entity xil_defaultlib.\FA__352\ [\FA__352_default\]
Compiling architecture structure of entity xil_defaultlib.\FA__351\ [\FA__351_default\]
Compiling architecture structure of entity xil_defaultlib.\FA__350\ [\FA__350_default\]
Compiling architecture structure of entity xil_defaultlib.\FA__349\ [\FA__349_default\]
Compiling architecture structure of entity xil_defaultlib.\FA__348\ [\FA__348_default\]
Compiling architecture structure of entity xil_defaultlib.\FA__347\ [\FA__347_default\]
Compiling architecture structure of entity xil_defaultlib.\STEP2__6\ [\STEP2__6_default\]
Compiling architecture structure of entity xil_defaultlib.\FastRCA_4bit__61\ [\FastRCA_4bit__61_default\]
Compiling architecture structure of entity xil_defaultlib.\FastRCA_4bit__60\ [\FastRCA_4bit__60_default\]
Compiling architecture structure of entity xil_defaultlib.\FastRCA_4bit__59\ [\FastRCA_4bit__59_default\]
Compiling architecture structure of entity xil_defaultlib.\FastRCA_4bit__58\ [\FastRCA_4bit__58_default\]
Compiling architecture structure of entity xil_defaultlib.\FastRCA_4bit__57\ [\FastRCA_4bit__57_default\]
Compiling architecture structure of entity xil_defaultlib.\ADDER20__9\ [\ADDER20__9_default\]
Compiling architecture structure of entity xil_defaultlib.\Pipeline__6\ [\Pipeline__6_default\]
Compiling architecture structure of entity xil_defaultlib.\CARRY_SAVE__6\ [\CARRY_SAVE__6_default\]
Compiling architecture structure of entity xil_defaultlib.\booth__27\ [\booth__27_default\]
Compiling architecture structure of entity xil_defaultlib.\MUX__27\ [\MUX__27_default\]
Compiling architecture structure of entity xil_defaultlib.\MUX__26\ [\MUX__26_default\]
Compiling architecture structure of entity xil_defaultlib.\MUX__25\ [\MUX__25_default\]
Compiling architecture structure of entity xil_defaultlib.\MUX__24\ [\MUX__24_default\]
Compiling architecture structure of entity xil_defaultlib.\booth__26\ [\booth__26_default\]
Compiling architecture structure of entity xil_defaultlib.\booth__25\ [\booth__25_default\]
Compiling architecture structure of entity xil_defaultlib.\booth__24\ [\booth__24_default\]
Compiling architecture structure of entity xil_defaultlib.\plus__6\ [\plus__6_default\]
Compiling architecture structure of entity xil_defaultlib.\Partial_products__6\ [\Partial_products__6_default\]
Compiling architecture structure of entity xil_defaultlib.\TOP_MULTI__6\ [\TOP_MULTI__6_default\]
Compiling architecture structure of entity xil_defaultlib.\FA__400\ [\FA__400_default\]
Compiling architecture structure of entity xil_defaultlib.\FA__399\ [\FA__399_default\]
Compiling architecture structure of entity xil_defaultlib.\FA__398\ [\FA__398_default\]
Compiling architecture structure of entity xil_defaultlib.\FA__397\ [\FA__397_default\]
Compiling architecture structure of entity xil_defaultlib.\FA__396\ [\FA__396_default\]
Compiling architecture structure of entity xil_defaultlib.\FA__395\ [\FA__395_default\]
Compiling architecture structure of entity xil_defaultlib.\FA__394\ [\FA__394_default\]
Compiling architecture structure of entity xil_defaultlib.\FA__393\ [\FA__393_default\]
Compiling architecture structure of entity xil_defaultlib.\FA__406\ [\FA__406_default\]
Compiling architecture structure of entity xil_defaultlib.\FA__405\ [\FA__405_default\]
Compiling architecture structure of entity xil_defaultlib.\FA__404\ [\FA__404_default\]
Compiling architecture structure of entity xil_defaultlib.\FA__403\ [\FA__403_default\]
Compiling architecture structure of entity xil_defaultlib.\FA__402\ [\FA__402_default\]
Compiling architecture structure of entity xil_defaultlib.\FA__401\ [\FA__401_default\]
Compiling architecture structure of entity xil_defaultlib.\STEP1__7\ [\STEP1__7_default\]
Compiling architecture structure of entity xil_defaultlib.\FA__382\ [\FA__382_default\]
Compiling architecture structure of entity xil_defaultlib.\FA__381\ [\FA__381_default\]
Compiling architecture structure of entity xil_defaultlib.\FA__380\ [\FA__380_default\]
Compiling architecture structure of entity xil_defaultlib.\FA__379\ [\FA__379_default\]
Compiling architecture structure of entity xil_defaultlib.\FA__378\ [\FA__378_default\]
Compiling architecture structure of entity xil_defaultlib.\FA__377\ [\FA__377_default\]
Compiling architecture structure of entity xil_defaultlib.\FA__376\ [\FA__376_default\]
Compiling architecture structure of entity xil_defaultlib.\FA__375\ [\FA__375_default\]
Compiling architecture structure of entity xil_defaultlib.\FA__374\ [\FA__374_default\]
Compiling architecture structure of entity xil_defaultlib.\FA__390\ [\FA__390_default\]
Compiling architecture structure of entity xil_defaultlib.\FA__389\ [\FA__389_default\]
Compiling architecture structure of entity xil_defaultlib.\FA__388\ [\FA__388_default\]
Compiling architecture structure of entity xil_defaultlib.\FA__387\ [\FA__387_default\]
Compiling architecture structure of entity xil_defaultlib.\FA__386\ [\FA__386_default\]
Compiling architecture structure of entity xil_defaultlib.\FA__385\ [\FA__385_default\]
Compiling architecture structure of entity xil_defaultlib.\FA__384\ [\FA__384_default\]
Compiling architecture structure of entity xil_defaultlib.\FA__383\ [\FA__383_default\]
Compiling architecture structure of entity xil_defaultlib.\STEP2__7\ [\STEP2__7_default\]
Compiling architecture structure of entity xil_defaultlib.\FastRCA_4bit__66\ [\FastRCA_4bit__66_default\]
Compiling architecture structure of entity xil_defaultlib.\FastRCA_4bit__65\ [\FastRCA_4bit__65_default\]
Compiling architecture structure of entity xil_defaultlib.\FastRCA_4bit__64\ [\FastRCA_4bit__64_default\]
Compiling architecture structure of entity xil_defaultlib.\FastRCA_4bit__63\ [\FastRCA_4bit__63_default\]
Compiling architecture structure of entity xil_defaultlib.\FastRCA_4bit__62\ [\FastRCA_4bit__62_default\]
Compiling architecture structure of entity xil_defaultlib.\ADDER20__10\ [\ADDER20__10_default\]
Compiling architecture structure of entity xil_defaultlib.\Pipeline__7\ [\Pipeline__7_default\]
Compiling architecture structure of entity xil_defaultlib.\CARRY_SAVE__7\ [\CARRY_SAVE__7_default\]
Compiling architecture structure of entity xil_defaultlib.\booth__31\ [\booth__31_default\]
Compiling architecture structure of entity xil_defaultlib.\MUX__31\ [\MUX__31_default\]
Compiling architecture structure of entity xil_defaultlib.\MUX__30\ [\MUX__30_default\]
Compiling architecture structure of entity xil_defaultlib.\MUX__29\ [\MUX__29_default\]
Compiling architecture structure of entity xil_defaultlib.\MUX__28\ [\MUX__28_default\]
Compiling architecture structure of entity xil_defaultlib.\booth__30\ [\booth__30_default\]
Compiling architecture structure of entity xil_defaultlib.\booth__29\ [\booth__29_default\]
Compiling architecture structure of entity xil_defaultlib.\booth__28\ [\booth__28_default\]
Compiling architecture structure of entity xil_defaultlib.\plus__7\ [\plus__7_default\]
Compiling architecture structure of entity xil_defaultlib.\Partial_products__7\ [\Partial_products__7_default\]
Compiling architecture structure of entity xil_defaultlib.\TOP_MULTI__7\ [\TOP_MULTI__7_default\]
Compiling architecture structure of entity xil_defaultlib.\SATURATION__2\ [\SATURATION__2_default\]
Compiling architecture structure of entity xil_defaultlib.\FA__479\ [\FA__479_default\]
Compiling architecture structure of entity xil_defaultlib.\FA__478\ [\FA__478_default\]
Compiling architecture structure of entity xil_defaultlib.\FA__477\ [\FA__477_default\]
Compiling architecture structure of entity xil_defaultlib.\FA__476\ [\FA__476_default\]
Compiling architecture structure of entity xil_defaultlib.\FA__475\ [\FA__475_default\]
Compiling architecture structure of entity xil_defaultlib.\FA__474\ [\FA__474_default\]
Compiling architecture structure of entity xil_defaultlib.\FA__473\ [\FA__473_default\]
Compiling architecture structure of entity xil_defaultlib.\FA__472\ [\FA__472_default\]
Compiling architecture structure of entity xil_defaultlib.\FIRST__5\ [\FIRST__5_default\]
Compiling architecture structure of entity xil_defaultlib.\FA__471\ [\FA__471_default\]
Compiling architecture structure of entity xil_defaultlib.\FA__470\ [\FA__470_default\]
Compiling architecture structure of entity xil_defaultlib.\FA__469\ [\FA__469_default\]
Compiling architecture structure of entity xil_defaultlib.\FA__468\ [\FA__468_default\]
Compiling architecture structure of entity xil_defaultlib.\FA__467\ [\FA__467_default\]
Compiling architecture structure of entity xil_defaultlib.\FA__466\ [\FA__466_default\]
Compiling architecture structure of entity xil_defaultlib.\FA__465\ [\FA__465_default\]
Compiling architecture structure of entity xil_defaultlib.\FA__464\ [\FA__464_default\]
Compiling architecture structure of entity xil_defaultlib.\SECOND__5\ [\SECOND__5_default\]
Compiling architecture structure of entity xil_defaultlib.\FastRCA_4bit__77\ [\FastRCA_4bit__77_default\]
Compiling architecture structure of entity xil_defaultlib.\FastRCA_4bit__76\ [\FastRCA_4bit__76_default\]
Compiling architecture structure of entity xil_defaultlib.\FastRCA_4bit__75\ [\FastRCA_4bit__75_default\]
Compiling architecture structure of entity xil_defaultlib.\ADDER12__5\ [\ADDER12__5_default\]
Compiling architecture structure of entity xil_defaultlib.\PIPE_TO_ADDER__5\ [\PIPE_TO_ADDER__5_default\]
Compiling architecture structure of entity xil_defaultlib.\CARRY_SAVE4_8__5\ [\CARRY_SAVE4_8__5_default\]
Compiling architecture structure of entity xil_defaultlib.\FA__462\ [\FA__462_default\]
Compiling architecture structure of entity xil_defaultlib.\FA__461\ [\FA__461_default\]
Compiling architecture structure of entity xil_defaultlib.\FA__460\ [\FA__460_default\]
Compiling architecture structure of entity xil_defaultlib.\FA__459\ [\FA__459_default\]
Compiling architecture structure of entity xil_defaultlib.\FA__458\ [\FA__458_default\]
Compiling architecture structure of entity xil_defaultlib.\FA__457\ [\FA__457_default\]
Compiling architecture structure of entity xil_defaultlib.\FA__456\ [\FA__456_default\]
Compiling architecture structure of entity xil_defaultlib.\FA__455\ [\FA__455_default\]
Compiling architecture structure of entity xil_defaultlib.\FIRST__4\ [\FIRST__4_default\]
Compiling architecture structure of entity xil_defaultlib.\FA__454\ [\FA__454_default\]
Compiling architecture structure of entity xil_defaultlib.\FA__453\ [\FA__453_default\]
Compiling architecture structure of entity xil_defaultlib.\FA__452\ [\FA__452_default\]
Compiling architecture structure of entity xil_defaultlib.\FA__451\ [\FA__451_default\]
Compiling architecture structure of entity xil_defaultlib.\FA__450\ [\FA__450_default\]
Compiling architecture structure of entity xil_defaultlib.\FA__449\ [\FA__449_default\]
Compiling architecture structure of entity xil_defaultlib.\FA__448\ [\FA__448_default\]
Compiling architecture structure of entity xil_defaultlib.\FA__447\ [\FA__447_default\]
Compiling architecture structure of entity xil_defaultlib.\SECOND__4\ [\SECOND__4_default\]
Compiling architecture structure of entity xil_defaultlib.\FastRCA_4bit__74\ [\FastRCA_4bit__74_default\]
Compiling architecture structure of entity xil_defaultlib.\FastRCA_4bit__73\ [\FastRCA_4bit__73_default\]
Compiling architecture structure of entity xil_defaultlib.\FastRCA_4bit__72\ [\FastRCA_4bit__72_default\]
Compiling architecture structure of entity xil_defaultlib.\ADDER12__4\ [\ADDER12__4_default\]
Compiling architecture structure of entity xil_defaultlib.\PIPE_TO_ADDER__4\ [\PIPE_TO_ADDER__4_default\]
Compiling architecture structure of entity xil_defaultlib.\CARRY_SAVE4_8__4\ [\CARRY_SAVE4_8__4_default\]
Compiling architecture structure of entity xil_defaultlib.\TOP_PIX__2\ [\TOP_PIX__2_default\]
Compiling architecture structure of entity xil_defaultlib.\REG8__11\ [\REG8__11_default\]
Compiling architecture structure of entity xil_defaultlib.\REG8__12\ [\REG8__12_default\]
Compiling architecture structure of entity xil_defaultlib.\REG8__13\ [\REG8__13_default\]
Compiling architecture structure of entity xil_defaultlib.\REG8__14\ [\REG8__14_default\]
Compiling architecture structure of entity xil_defaultlib.\REG8__15\ [\REG8__15_default\]
Compiling architecture structure of entity xil_defaultlib.\REG8__16\ [\REG8__16_default\]
Compiling architecture structure of entity xil_defaultlib.\REG8__17\ [\REG8__17_default\]
Compiling architecture structure of entity xil_defaultlib.\REG8__18\ [\REG8__18_default\]
Compiling architecture structure of entity xil_defaultlib.\REG8__19\ [\REG8__19_default\]
Compiling architecture structure of entity xil_defaultlib.\REG8__20\ [\REG8__20_default\]
Compiling architecture structure of entity xil_defaultlib.\REG8__2\ [\REG8__2_default\]
Compiling architecture structure of entity xil_defaultlib.\REG8__21\ [\REG8__21_default\]
Compiling architecture structure of entity xil_defaultlib.\REG8__22\ [\REG8__22_default\]
Compiling architecture structure of entity xil_defaultlib.\REG8__23\ [\REG8__23_default\]
Compiling architecture structure of entity xil_defaultlib.\REG8__24\ [\REG8__24_default\]
Compiling architecture structure of entity xil_defaultlib.\REG8__25\ [\REG8__25_default\]
Compiling architecture structure of entity xil_defaultlib.\REG8__26\ [\REG8__26_default\]
Compiling architecture structure of entity xil_defaultlib.\REG8__27\ [\REG8__27_default\]
Compiling architecture structure of entity xil_defaultlib.\REG8__28\ [\REG8__28_default\]
Compiling architecture structure of entity xil_defaultlib.\REG8__29\ [\REG8__29_default\]
Compiling architecture structure of entity xil_defaultlib.\REG8__30\ [\REG8__30_default\]
Compiling architecture structure of entity xil_defaultlib.\REG8__3\ [\REG8__3_default\]
Compiling architecture structure of entity xil_defaultlib.\REG8__31\ [\REG8__31_default\]
Compiling architecture structure of entity xil_defaultlib.\REG8__32\ [\REG8__32_default\]
Compiling architecture structure of entity xil_defaultlib.\REG8__33\ [\REG8__33_default\]
Compiling architecture structure of entity xil_defaultlib.\REG8__34\ [\REG8__34_default\]
Compiling architecture structure of entity xil_defaultlib.\REG8__35\ [\REG8__35_default\]
Compiling architecture structure of entity xil_defaultlib.\REG8__36\ [\REG8__36_default\]
Compiling architecture structure of entity xil_defaultlib.\REG8__37\ [\REG8__37_default\]
Compiling architecture structure of entity xil_defaultlib.\REG8__38\ [\REG8__38_default\]
Compiling architecture structure of entity xil_defaultlib.\REG8__39\ [\REG8__39_default\]
Compiling architecture structure of entity xil_defaultlib.\REG8__40\ [\REG8__40_default\]
Compiling architecture structure of entity xil_defaultlib.\REG8__4\ [\REG8__4_default\]
Compiling architecture structure of entity xil_defaultlib.\REG8__41\ [\REG8__41_default\]
Compiling architecture structure of entity xil_defaultlib.\REG8__42\ [\REG8__42_default\]
Compiling architecture structure of entity xil_defaultlib.\REG8__43\ [\REG8__43_default\]
Compiling architecture structure of entity xil_defaultlib.\REG8__44\ [\REG8__44_default\]
Compiling architecture structure of entity xil_defaultlib.\REG8__45\ [\REG8__45_default\]
Compiling architecture structure of entity xil_defaultlib.\REG8__46\ [\REG8__46_default\]
Compiling architecture structure of entity xil_defaultlib.\REG8__47\ [\REG8__47_default\]
Compiling architecture structure of entity xil_defaultlib.\REG8__48\ [\REG8__48_default\]
Compiling architecture structure of entity xil_defaultlib.\REG8__49\ [\REG8__49_default\]
Compiling architecture structure of entity xil_defaultlib.\REG8__50\ [\REG8__50_default\]
Compiling architecture structure of entity xil_defaultlib.\REG8__5\ [\REG8__5_default\]
Compiling architecture structure of entity xil_defaultlib.\REG8__51\ [\REG8__51_default\]
Compiling architecture structure of entity xil_defaultlib.\REG8__52\ [\REG8__52_default\]
Compiling architecture structure of entity xil_defaultlib.\REG8__53\ [\REG8__53_default\]
Compiling architecture structure of entity xil_defaultlib.\REG8__54\ [\REG8__54_default\]
Compiling architecture structure of entity xil_defaultlib.\REG8__55\ [\REG8__55_default\]
Compiling architecture structure of entity xil_defaultlib.\REG8__56\ [\REG8__56_default\]
Compiling architecture structure of entity xil_defaultlib.\REG8__57\ [\REG8__57_default\]
Compiling architecture structure of entity xil_defaultlib.\REG8__58\ [\REG8__58_default\]
Compiling architecture structure of entity xil_defaultlib.\REG8__59\ [\REG8__59_default\]
Compiling architecture structure of entity xil_defaultlib.\REG8__60\ [\REG8__60_default\]
Compiling architecture structure of entity xil_defaultlib.\REG8__6\ [\REG8__6_default\]
Compiling architecture structure of entity xil_defaultlib.\REG8__61\ [\REG8__61_default\]
Compiling architecture structure of entity xil_defaultlib.\REG8__62\ [\REG8__62_default\]
Compiling architecture structure of entity xil_defaultlib.\REG8__63\ [\REG8__63_default\]
Compiling architecture structure of entity xil_defaultlib.\REG8__64\ [\REG8__64_default\]
Compiling architecture structure of entity xil_defaultlib.\REG8__65\ [\REG8__65_default\]
Compiling architecture structure of entity xil_defaultlib.\REG8__66\ [\REG8__66_default\]
Compiling architecture structure of entity xil_defaultlib.REG8 [reg8_default]
Compiling architecture structure of entity xil_defaultlib.\REG8__7\ [\REG8__7_default\]
Compiling architecture structure of entity xil_defaultlib.\REG8__8\ [\REG8__8_default\]
Compiling architecture structure of entity xil_defaultlib.\REG8__9\ [\REG8__9_default\]
Compiling architecture structure of entity xil_defaultlib.\REG8__10\ [\REG8__10_default\]
Compiling architecture structure of entity xil_defaultlib.\REG8__1\ [\REG8__1_default\]
Compiling architecture structure of entity xil_defaultlib.TOP_BUF [top_buf_default]
Compiling architecture structure of entity xil_defaultlib.mux8_72bit [mux8_72bit_default]
Compiling architecture structure of entity xil_defaultlib.mirror [mirror_default]
Compiling architecture structure of entity xil_defaultlib.\mux8_72bit__1\ [\mux8_72bit__1_default\]
Compiling architecture structure of entity xil_defaultlib.\mux8_72bit__2\ [\mux8_72bit__2_default\]
Compiling architecture structure of entity xil_defaultlib.padd [padd_default]
Compiling architecture structure of entity xil_defaultlib.bufgen [bufgen_default]
Compiling architecture structure of entity xil_defaultlib.newbuf [newbuf_default]
Compiling architecture structure of entity xil_defaultlib.\FA__54\ [\FA__54_default\]
Compiling architecture structure of entity xil_defaultlib.\FA__64\ [\FA__64_default\]
Compiling architecture structure of entity xil_defaultlib.\FA__65\ [\FA__65_default\]
Compiling architecture structure of entity xil_defaultlib.\FA__66\ [\FA__66_default\]
Compiling architecture structure of entity xil_defaultlib.\FA__67\ [\FA__67_default\]
Compiling architecture structure of entity xil_defaultlib.\FA__68\ [\FA__68_default\]
Compiling architecture structure of entity xil_defaultlib.\FA__69\ [\FA__69_default\]
Compiling architecture structure of entity xil_defaultlib.\FA__70\ [\FA__70_default\]
Compiling architecture structure of entity xil_defaultlib.FA [fa_default]
Compiling architecture structure of entity xil_defaultlib.\FA__55\ [\FA__55_default\]
Compiling architecture structure of entity xil_defaultlib.\FA__56\ [\FA__56_default\]
Compiling architecture structure of entity xil_defaultlib.\FA__57\ [\FA__57_default\]
Compiling architecture structure of entity xil_defaultlib.\FA__58\ [\FA__58_default\]
Compiling architecture structure of entity xil_defaultlib.\FA__59\ [\FA__59_default\]
Compiling architecture structure of entity xil_defaultlib.\FA__60\ [\FA__60_default\]
Compiling architecture structure of entity xil_defaultlib.\FA__61\ [\FA__61_default\]
Compiling architecture structure of entity xil_defaultlib.\FA__62\ [\FA__62_default\]
Compiling architecture structure of entity xil_defaultlib.\FA__63\ [\FA__63_default\]
Compiling architecture structure of entity xil_defaultlib.STEP1_3 [step1_3_default]
Compiling architecture structure of entity xil_defaultlib.\FastRCA_4bit__4\ [\FastRCA_4bit__4_default\]
Compiling architecture structure of entity xil_defaultlib.\FastRCA_4bit__5\ [\FastRCA_4bit__5_default\]
Compiling architecture structure of entity xil_defaultlib.\FastRCA_4bit__6\ [\FastRCA_4bit__6_default\]
Compiling architecture structure of entity xil_defaultlib.\FastRCA_4bit__7\ [\FastRCA_4bit__7_default\]
Compiling architecture structure of entity xil_defaultlib.FastRCA_4bit [fastrca_4bit_default]
Compiling architecture structure of entity xil_defaultlib.ADDER20 [adder20_default]
Compiling architecture structure of entity xil_defaultlib.Pipeline_3 [pipeline_3_default]
Compiling architecture structure of entity xil_defaultlib.CARRY_SAVE_3 [carry_save_3_default]
Compiling architecture structure of entity xil_defaultlib.\FA__97\ [\FA__97_default\]
Compiling architecture structure of entity xil_defaultlib.\FA__96\ [\FA__96_default\]
Compiling architecture structure of entity xil_defaultlib.\FA__95\ [\FA__95_default\]
Compiling architecture structure of entity xil_defaultlib.\FA__94\ [\FA__94_default\]
Compiling architecture structure of entity xil_defaultlib.\FA__93\ [\FA__93_default\]
Compiling architecture structure of entity xil_defaultlib.\FA__92\ [\FA__92_default\]
Compiling architecture structure of entity xil_defaultlib.\FA__91\ [\FA__91_default\]
Compiling architecture structure of entity xil_defaultlib.\FA__90\ [\FA__90_default\]
Compiling architecture structure of entity xil_defaultlib.\FA__103\ [\FA__103_default\]
Compiling architecture structure of entity xil_defaultlib.\FA__102\ [\FA__102_default\]
Compiling architecture structure of entity xil_defaultlib.\FA__101\ [\FA__101_default\]
Compiling architecture structure of entity xil_defaultlib.\FA__100\ [\FA__100_default\]
Compiling architecture structure of entity xil_defaultlib.\FA__99\ [\FA__99_default\]
Compiling architecture structure of entity xil_defaultlib.\FA__98\ [\FA__98_default\]
Compiling architecture structure of entity xil_defaultlib.\STEP1__1\ [\STEP1__1_default\]
Compiling architecture structure of entity xil_defaultlib.\FA__79\ [\FA__79_default\]
Compiling architecture structure of entity xil_defaultlib.\FA__78\ [\FA__78_default\]
Compiling architecture structure of entity xil_defaultlib.\FA__77\ [\FA__77_default\]
Compiling architecture structure of entity xil_defaultlib.\FA__76\ [\FA__76_default\]
Compiling architecture structure of entity xil_defaultlib.\FA__75\ [\FA__75_default\]
Compiling architecture structure of entity xil_defaultlib.\FA__74\ [\FA__74_default\]
Compiling architecture structure of entity xil_defaultlib.\FA__73\ [\FA__73_default\]
Compiling architecture structure of entity xil_defaultlib.\FA__72\ [\FA__72_default\]
Compiling architecture structure of entity xil_defaultlib.\FA__71\ [\FA__71_default\]
Compiling architecture structure of entity xil_defaultlib.\FA__87\ [\FA__87_default\]
Compiling architecture structure of entity xil_defaultlib.\FA__86\ [\FA__86_default\]
Compiling architecture structure of entity xil_defaultlib.\FA__85\ [\FA__85_default\]
Compiling architecture structure of entity xil_defaultlib.\FA__84\ [\FA__84_default\]
Compiling architecture structure of entity xil_defaultlib.\FA__83\ [\FA__83_default\]
Compiling architecture structure of entity xil_defaultlib.\FA__82\ [\FA__82_default\]
Compiling architecture structure of entity xil_defaultlib.\FA__81\ [\FA__81_default\]
Compiling architecture structure of entity xil_defaultlib.\FA__80\ [\FA__80_default\]
Compiling architecture structure of entity xil_defaultlib.\STEP2__1\ [\STEP2__1_default\]
Compiling architecture structure of entity xil_defaultlib.\FastRCA_4bit__17\ [\FastRCA_4bit__17_default\]
Compiling architecture structure of entity xil_defaultlib.\FastRCA_4bit__16\ [\FastRCA_4bit__16_default\]
Compiling architecture structure of entity xil_defaultlib.\FastRCA_4bit__15\ [\FastRCA_4bit__15_default\]
Compiling architecture structure of entity xil_defaultlib.\FastRCA_4bit__14\ [\FastRCA_4bit__14_default\]
Compiling architecture structure of entity xil_defaultlib.\FastRCA_4bit__13\ [\FastRCA_4bit__13_default\]
Compiling architecture structure of entity xil_defaultlib.\ADDER20__2\ [\ADDER20__2_default\]
Compiling architecture structure of entity xil_defaultlib.\Pipeline__1\ [\Pipeline__1_default\]
Compiling architecture structure of entity xil_defaultlib.\CARRY_SAVE__1\ [\CARRY_SAVE__1_default\]
Compiling architecture structure of entity xil_defaultlib.\booth__7\ [\booth__7_default\]
Compiling architecture structure of entity xil_defaultlib.\MUX__7\ [\MUX__7_default\]
Compiling architecture structure of entity xil_defaultlib.\MUX__6\ [\MUX__6_default\]
Compiling architecture structure of entity xil_defaultlib.\MUX__5\ [\MUX__5_default\]
Compiling architecture structure of entity xil_defaultlib.\MUX__4\ [\MUX__4_default\]
Compiling architecture structure of entity xil_defaultlib.\booth__6\ [\booth__6_default\]
Compiling architecture structure of entity xil_defaultlib.\booth__5\ [\booth__5_default\]
Compiling architecture structure of entity xil_defaultlib.\booth__4\ [\booth__4_default\]
Compiling architecture structure of entity xil_defaultlib.\plus__1\ [\plus__1_default\]
Compiling architecture structure of entity xil_defaultlib.\Partial_products__1\ [\Partial_products__1_default\]
Compiling architecture structure of entity xil_defaultlib.\TOP_MULTI__1\ [\TOP_MULTI__1_default\]
Compiling architecture structure of entity xil_defaultlib.\FA__27\ [\FA__27_default\]
Compiling architecture structure of entity xil_defaultlib.\FA__28\ [\FA__28_default\]
Compiling architecture structure of entity xil_defaultlib.\FA__29\ [\FA__29_default\]
Compiling architecture structure of entity xil_defaultlib.\FA__30\ [\FA__30_default\]
Compiling architecture structure of entity xil_defaultlib.\FA__31\ [\FA__31_default\]
Compiling architecture structure of entity xil_defaultlib.\FA__32\ [\FA__32_default\]
Compiling architecture structure of entity xil_defaultlib.\FA__33\ [\FA__33_default\]
Compiling architecture structure of entity xil_defaultlib.\FA__34\ [\FA__34_default\]
Compiling architecture structure of entity xil_defaultlib.\FA__21\ [\FA__21_default\]
Compiling architecture structure of entity xil_defaultlib.\FA__22\ [\FA__22_default\]
Compiling architecture structure of entity xil_defaultlib.\FA__23\ [\FA__23_default\]
Compiling architecture structure of entity xil_defaultlib.\FA__24\ [\FA__24_default\]
Compiling architecture structure of entity xil_defaultlib.\FA__25\ [\FA__25_default\]
Compiling architecture structure of entity xil_defaultlib.\FA__26\ [\FA__26_default\]
Compiling architecture structure of entity xil_defaultlib.STEP1 [step1_default]
Compiling architecture structure of entity xil_defaultlib.\FA__45\ [\FA__45_default\]
Compiling architecture structure of entity xil_defaultlib.\FA__46\ [\FA__46_default\]
Compiling architecture structure of entity xil_defaultlib.\FA__47\ [\FA__47_default\]
Compiling architecture structure of entity xil_defaultlib.\FA__48\ [\FA__48_default\]
Compiling architecture structure of entity xil_defaultlib.\FA__49\ [\FA__49_default\]
Compiling architecture structure of entity xil_defaultlib.\FA__50\ [\FA__50_default\]
Compiling architecture structure of entity xil_defaultlib.\FA__51\ [\FA__51_default\]
Compiling architecture structure of entity xil_defaultlib.\FA__52\ [\FA__52_default\]
Compiling architecture structure of entity xil_defaultlib.\FA__53\ [\FA__53_default\]
Compiling architecture structure of entity xil_defaultlib.\FA__37\ [\FA__37_default\]
Compiling architecture structure of entity xil_defaultlib.\FA__38\ [\FA__38_default\]
Compiling architecture structure of entity xil_defaultlib.\FA__39\ [\FA__39_default\]
Compiling architecture structure of entity xil_defaultlib.\FA__40\ [\FA__40_default\]
Compiling architecture structure of entity xil_defaultlib.\FA__41\ [\FA__41_default\]
Compiling architecture structure of entity xil_defaultlib.\FA__42\ [\FA__42_default\]
Compiling architecture structure of entity xil_defaultlib.\FA__43\ [\FA__43_default\]
Compiling architecture structure of entity xil_defaultlib.\FA__44\ [\FA__44_default\]
Compiling architecture structure of entity xil_defaultlib.STEP2 [step2_default]
Compiling architecture structure of entity xil_defaultlib.\FastRCA_4bit__12\ [\FastRCA_4bit__12_default\]
Compiling architecture structure of entity xil_defaultlib.\FastRCA_4bit__11\ [\FastRCA_4bit__11_default\]
Compiling architecture structure of entity xil_defaultlib.\FastRCA_4bit__10\ [\FastRCA_4bit__10_default\]
Compiling architecture structure of entity xil_defaultlib.\FastRCA_4bit__9\ [\FastRCA_4bit__9_default\]
Compiling architecture structure of entity xil_defaultlib.\FastRCA_4bit__8\ [\FastRCA_4bit__8_default\]
Compiling architecture structure of entity xil_defaultlib.\ADDER20__1\ [\ADDER20__1_default\]
Compiling architecture structure of entity xil_defaultlib.Pipeline [pipeline_default]
Compiling architecture structure of entity xil_defaultlib.CARRY_SAVE [carry_save_default]
Compiling architecture structure of entity xil_defaultlib.\booth__1\ [\booth__1_default\]
Compiling architecture structure of entity xil_defaultlib.\MUX__1\ [\MUX__1_default\]
Compiling architecture structure of entity xil_defaultlib.\MUX__2\ [\MUX__2_default\]
Compiling architecture structure of entity xil_defaultlib.\MUX__3\ [\MUX__3_default\]
Compiling architecture structure of entity xil_defaultlib.MUX [mux_default]
Compiling architecture structure of entity xil_defaultlib.\booth__2\ [\booth__2_default\]
Compiling architecture structure of entity xil_defaultlib.\booth__3\ [\booth__3_default\]
Compiling architecture structure of entity xil_defaultlib.booth [booth_default]
Compiling architecture structure of entity xil_defaultlib.plus [plus_default]
Compiling architecture structure of entity xil_defaultlib.Partial_products [partial_products_default]
Compiling architecture structure of entity xil_defaultlib.TOP_MULTI [top_multi_default]
Compiling architecture structure of entity xil_defaultlib.\FA__133\ [\FA__133_default\]
Compiling architecture structure of entity xil_defaultlib.\FA__132\ [\FA__132_default\]
Compiling architecture structure of entity xil_defaultlib.\FA__131\ [\FA__131_default\]
Compiling architecture structure of entity xil_defaultlib.\FA__130\ [\FA__130_default\]
Compiling architecture structure of entity xil_defaultlib.\FA__129\ [\FA__129_default\]
Compiling architecture structure of entity xil_defaultlib.\FA__128\ [\FA__128_default\]
Compiling architecture structure of entity xil_defaultlib.\FA__127\ [\FA__127_default\]
Compiling architecture structure of entity xil_defaultlib.\FA__126\ [\FA__126_default\]
Compiling architecture structure of entity xil_defaultlib.\FA__139\ [\FA__139_default\]
Compiling architecture structure of entity xil_defaultlib.\FA__138\ [\FA__138_default\]
Compiling architecture structure of entity xil_defaultlib.\FA__137\ [\FA__137_default\]
Compiling architecture structure of entity xil_defaultlib.\FA__136\ [\FA__136_default\]
Compiling architecture structure of entity xil_defaultlib.\FA__135\ [\FA__135_default\]
Compiling architecture structure of entity xil_defaultlib.\FA__134\ [\FA__134_default\]
Compiling architecture structure of entity xil_defaultlib.\STEP1__2\ [\STEP1__2_default\]
Compiling architecture structure of entity xil_defaultlib.\FA__115\ [\FA__115_default\]
Compiling architecture structure of entity xil_defaultlib.\FA__114\ [\FA__114_default\]
Compiling architecture structure of entity xil_defaultlib.\FA__113\ [\FA__113_default\]
Compiling architecture structure of entity xil_defaultlib.\FA__112\ [\FA__112_default\]
Compiling architecture structure of entity xil_defaultlib.\FA__111\ [\FA__111_default\]
Compiling architecture structure of entity xil_defaultlib.\FA__110\ [\FA__110_default\]
Compiling architecture structure of entity xil_defaultlib.\FA__109\ [\FA__109_default\]
Compiling architecture structure of entity xil_defaultlib.\FA__108\ [\FA__108_default\]
Compiling architecture structure of entity xil_defaultlib.\FA__107\ [\FA__107_default\]
Compiling architecture structure of entity xil_defaultlib.\FA__123\ [\FA__123_default\]
Compiling architecture structure of entity xil_defaultlib.\FA__122\ [\FA__122_default\]
Compiling architecture structure of entity xil_defaultlib.\FA__121\ [\FA__121_default\]
Compiling architecture structure of entity xil_defaultlib.\FA__120\ [\FA__120_default\]
Compiling architecture structure of entity xil_defaultlib.\FA__119\ [\FA__119_default\]
Compiling architecture structure of entity xil_defaultlib.\FA__118\ [\FA__118_default\]
Compiling architecture structure of entity xil_defaultlib.\FA__117\ [\FA__117_default\]
Compiling architecture structure of entity xil_defaultlib.\FA__116\ [\FA__116_default\]
Compiling architecture structure of entity xil_defaultlib.\STEP2__2\ [\STEP2__2_default\]
Compiling architecture structure of entity xil_defaultlib.\FastRCA_4bit__22\ [\FastRCA_4bit__22_default\]
Compiling architecture structure of entity xil_defaultlib.\FastRCA_4bit__21\ [\FastRCA_4bit__21_default\]
Compiling architecture structure of entity xil_defaultlib.\FastRCA_4bit__20\ [\FastRCA_4bit__20_default\]
Compiling architecture structure of entity xil_defaultlib.\FastRCA_4bit__19\ [\FastRCA_4bit__19_default\]
Compiling architecture structure of entity xil_defaultlib.\FastRCA_4bit__18\ [\FastRCA_4bit__18_default\]
Compiling architecture structure of entity xil_defaultlib.\ADDER20__3\ [\ADDER20__3_default\]
Compiling architecture structure of entity xil_defaultlib.\Pipeline__2\ [\Pipeline__2_default\]
Compiling architecture structure of entity xil_defaultlib.\CARRY_SAVE__2\ [\CARRY_SAVE__2_default\]
Compiling architecture structure of entity xil_defaultlib.\booth__11\ [\booth__11_default\]
Compiling architecture structure of entity xil_defaultlib.\MUX__11\ [\MUX__11_default\]
Compiling architecture structure of entity xil_defaultlib.\MUX__10\ [\MUX__10_default\]
Compiling architecture structure of entity xil_defaultlib.\MUX__9\ [\MUX__9_default\]
Compiling architecture structure of entity xil_defaultlib.\MUX__8\ [\MUX__8_default\]
Compiling architecture structure of entity xil_defaultlib.\booth__10\ [\booth__10_default\]
Compiling architecture structure of entity xil_defaultlib.\booth__9\ [\booth__9_default\]
Compiling architecture structure of entity xil_defaultlib.\booth__8\ [\booth__8_default\]
Compiling architecture structure of entity xil_defaultlib.\plus__2\ [\plus__2_default\]
Compiling architecture structure of entity xil_defaultlib.\Partial_products__2\ [\Partial_products__2_default\]
Compiling architecture structure of entity xil_defaultlib.\TOP_MULTI__2\ [\TOP_MULTI__2_default\]
Compiling architecture structure of entity xil_defaultlib.SATURATION [saturation_default]
Compiling architecture structure of entity xil_defaultlib.\FA__159\ [\FA__159_default\]
Compiling architecture structure of entity xil_defaultlib.\FA__158\ [\FA__158_default\]
Compiling architecture structure of entity xil_defaultlib.\FA__157\ [\FA__157_default\]
Compiling architecture structure of entity xil_defaultlib.\FA__156\ [\FA__156_default\]
Compiling architecture structure of entity xil_defaultlib.\FA__155\ [\FA__155_default\]
Compiling architecture structure of entity xil_defaultlib.\FA__154\ [\FA__154_default\]
Compiling architecture structure of entity xil_defaultlib.\FA__153\ [\FA__153_default\]
Compiling architecture structure of entity xil_defaultlib.\FA__152\ [\FA__152_default\]
Compiling architecture structure of entity xil_defaultlib.\FIRST__1\ [\FIRST__1_default\]
Compiling architecture structure of entity xil_defaultlib.\FA__151\ [\FA__151_default\]
Compiling architecture structure of entity xil_defaultlib.\FA__150\ [\FA__150_default\]
Compiling architecture structure of entity xil_defaultlib.\FA__149\ [\FA__149_default\]
Compiling architecture structure of entity xil_defaultlib.\FA__148\ [\FA__148_default\]
Compiling architecture structure of entity xil_defaultlib.\FA__147\ [\FA__147_default\]
Compiling architecture structure of entity xil_defaultlib.\FA__146\ [\FA__146_default\]
Compiling architecture structure of entity xil_defaultlib.\FA__145\ [\FA__145_default\]
Compiling architecture structure of entity xil_defaultlib.\FA__144\ [\FA__144_default\]
Compiling architecture structure of entity xil_defaultlib.\SECOND__1\ [\SECOND__1_default\]
Compiling architecture structure of entity xil_defaultlib.\FastRCA_4bit__25\ [\FastRCA_4bit__25_default\]
Compiling architecture structure of entity xil_defaultlib.\FastRCA_4bit__24\ [\FastRCA_4bit__24_default\]
Compiling architecture structure of entity xil_defaultlib.\FastRCA_4bit__23\ [\FastRCA_4bit__23_default\]
Compiling architecture structure of entity xil_defaultlib.\ADDER12__1\ [\ADDER12__1_default\]
Compiling architecture structure of entity xil_defaultlib.\PIPE_TO_ADDER__1\ [\PIPE_TO_ADDER__1_default\]
Compiling architecture structure of entity xil_defaultlib.\CARRY_SAVE4_8__1\ [\CARRY_SAVE4_8__1_default\]
Compiling architecture structure of entity xil_defaultlib.\FA__1\ [\FA__1_default\]
Compiling architecture structure of entity xil_defaultlib.\FA__2\ [\FA__2_default\]
Compiling architecture structure of entity xil_defaultlib.\FA__3\ [\FA__3_default\]
Compiling architecture structure of entity xil_defaultlib.\FA__4\ [\FA__4_default\]
Compiling architecture structure of entity xil_defaultlib.\FA__5\ [\FA__5_default\]
Compiling architecture structure of entity xil_defaultlib.\FA__6\ [\FA__6_default\]
Compiling architecture structure of entity xil_defaultlib.\FA__7\ [\FA__7_default\]
Compiling architecture structure of entity xil_defaultlib.\FA__8\ [\FA__8_default\]
Compiling architecture structure of entity xil_defaultlib.FIRST [first_default]
Compiling architecture structure of entity xil_defaultlib.\FA__9\ [\FA__9_default\]
Compiling architecture structure of entity xil_defaultlib.\FA__10\ [\FA__10_default\]
Compiling architecture structure of entity xil_defaultlib.\FA__11\ [\FA__11_default\]
Compiling architecture structure of entity xil_defaultlib.\FA__12\ [\FA__12_default\]
Compiling architecture structure of entity xil_defaultlib.\FA__13\ [\FA__13_default\]
Compiling architecture structure of entity xil_defaultlib.\FA__14\ [\FA__14_default\]
Compiling architecture structure of entity xil_defaultlib.\FA__15\ [\FA__15_default\]
Compiling architecture structure of entity xil_defaultlib.\FA__16\ [\FA__16_default\]
Compiling architecture structure of entity xil_defaultlib.SECOND [second_default]
Compiling architecture structure of entity xil_defaultlib.\FastRCA_4bit__1\ [\FastRCA_4bit__1_default\]
Compiling architecture structure of entity xil_defaultlib.\FastRCA_4bit__2\ [\FastRCA_4bit__2_default\]
Compiling architecture structure of entity xil_defaultlib.\FastRCA_4bit__3\ [\FastRCA_4bit__3_default\]
Compiling architecture structure of entity xil_defaultlib.ADDER12 [adder12_default]
Compiling architecture structure of entity xil_defaultlib.PIPE_TO_ADDER [pipe_to_adder_default]
Compiling architecture structure of entity xil_defaultlib.CARRY_SAVE4_8 [carry_save4_8_default]
Compiling architecture structure of entity xil_defaultlib.TOP_PIX [top_pix_default]
Compiling architecture structure of entity xil_defaultlib.\reg__710\ [\reg__710_default\]
Compiling architecture structure of entity xil_defaultlib.\reg__720\ [\reg__720_default\]
Compiling architecture structure of entity xil_defaultlib.\reg__721\ [\reg__721_default\]
Compiling architecture structure of entity xil_defaultlib.\reg__722\ [\reg__722_default\]
Compiling architecture structure of entity xil_defaultlib.\reg__723\ [\reg__723_default\]
Compiling architecture structure of entity xil_defaultlib.\reg__724\ [\reg__724_default\]
Compiling architecture structure of entity xil_defaultlib.\reg__725\ [\reg__725_default\]
Compiling architecture structure of entity xil_defaultlib.\reg__726\ [\reg__726_default\]
Compiling architecture structure of entity xil_defaultlib.\reg__727\ [\reg__727_default\]
Compiling architecture structure of entity xil_defaultlib.\reg__728\ [\reg__728_default\]
Compiling architecture structure of entity xil_defaultlib.\reg__729\ [\reg__729_default\]
Compiling architecture structure of entity xil_defaultlib.\reg__711\ [\reg__711_default\]
Compiling architecture structure of entity xil_defaultlib.\reg__730\ [\reg__730_default\]
Compiling architecture structure of entity xil_defaultlib.\reg__731\ [\reg__731_default\]
Compiling architecture structure of entity xil_defaultlib.\reg__732\ [\reg__732_default\]
Compiling architecture structure of entity xil_defaultlib.\reg__733\ [\reg__733_default\]
Compiling architecture structure of entity xil_defaultlib.\reg__734\ [\reg__734_default\]
Compiling architecture structure of entity xil_defaultlib.\reg__735\ [\reg__735_default\]
Compiling architecture structure of entity xil_defaultlib.\reg__736\ [\reg__736_default\]
Compiling architecture structure of entity xil_defaultlib.\reg__737\ [\reg__737_default\]
Compiling architecture structure of entity xil_defaultlib.\reg__738\ [\reg__738_default\]
Compiling architecture structure of entity xil_defaultlib.\reg__739\ [\reg__739_default\]
Compiling architecture structure of entity xil_defaultlib.\reg__712\ [\reg__712_default\]
Compiling architecture structure of entity xil_defaultlib.\reg__740\ [\reg__740_default\]
Compiling architecture structure of entity xil_defaultlib.\reg__741\ [\reg__741_default\]
Compiling architecture structure of entity xil_defaultlib.\reg__742\ [\reg__742_default\]
Compiling architecture structure of entity xil_defaultlib.\reg__713\ [\reg__713_default\]
Compiling architecture structure of entity xil_defaultlib.\reg__714\ [\reg__714_default\]
Compiling architecture structure of entity xil_defaultlib.\reg__715\ [\reg__715_default\]
Compiling architecture structure of entity xil_defaultlib.\reg__716\ [\reg__716_default\]
Compiling architecture structure of entity xil_defaultlib.\reg__717\ [\reg__717_default\]
Compiling architecture structure of entity xil_defaultlib.\reg__718\ [\reg__718_default\]
Compiling architecture structure of entity xil_defaultlib.\reg__719\ [\reg__719_default\]
Compiling architecture structure of entity xil_defaultlib.fifo [fifo_default]
Compiling architecture structure of entity xil_defaultlib.\reg__743\ [\reg__743_default\]
Compiling architecture structure of entity xil_defaultlib.\reg__753\ [\reg__753_default\]
Compiling architecture structure of entity xil_defaultlib.\reg__754\ [\reg__754_default\]
Compiling architecture structure of entity xil_defaultlib.\reg__755\ [\reg__755_default\]
Compiling architecture structure of entity xil_defaultlib.\reg__756\ [\reg__756_default\]
Compiling architecture structure of entity xil_defaultlib.\reg__757\ [\reg__757_default\]
Compiling architecture structure of entity xil_defaultlib.\reg__758\ [\reg__758_default\]
Compiling architecture structure of entity xil_defaultlib.\reg__744\ [\reg__744_default\]
Compiling architecture structure of entity xil_defaultlib.\reg__745\ [\reg__745_default\]
Compiling architecture structure of entity xil_defaultlib.\reg__746\ [\reg__746_default\]
Compiling architecture structure of entity xil_defaultlib.\reg__747\ [\reg__747_default\]
Compiling architecture structure of entity xil_defaultlib.\reg__748\ [\reg__748_default\]
Compiling architecture structure of entity xil_defaultlib.\reg__749\ [\reg__749_default\]
Compiling architecture structure of entity xil_defaultlib.\reg__750\ [\reg__750_default\]
Compiling architecture structure of entity xil_defaultlib.\reg__751\ [\reg__751_default\]
Compiling architecture structure of entity xil_defaultlib.\reg__752\ [\reg__752_default\]
Compiling architecture structure of entity xil_defaultlib.\fifo__parameterized1\ [\fifo__parameterized1_default\]
Compiling architecture bufg_v of entity unisim.BUFG [bufg_default]
Compiling architecture ibuf_v of entity unisim.IBUF [\IBUF(1,9)(1,1)(1,4)(1,7)\]
Compiling architecture obuf_v of entity unisim.OBUF [\OBUF(1,9)(1,7)(1,4)\]
Compiling architecture structure of entity xil_defaultlib.TOP [top_default]
Compiling architecture behavioral of entity xil_defaultlib.tb_top_pix
Built simulation snapshot TB_TOP_PIX_func_impl
